sale_id,store_id,employee_id,product_id,sale_date,quantity,unit_price,total_amount
1,4,12,3,2024-06-06,7,408,2856
2,1,1,1,2024-11-07,7,71,497
3,1,8,7,2024-02-18,9,318,2862
4,3,2,5,2024-03-24,4,129,516
5,1,5,8,2024-06-07,2,135,270
6,1,9,10,2024-03-19,7,120,840
7,4,9,5,2024-04-25,5,318,1590
8,4,3,1,2024-08-02,1,383,383
9,4,3,8,2024-04-19,1,62,62
10,3,2,3,2024-11-12,1,284,284
11,4,2,10,2024-06-05,1,362,362
12,3,7,1,2024-07-21,9,262,2358
13,3,12,4,2024-08-26,3,258,774
14,1,2,9,2024-02-14,2,219,438
15,3,10,7,2024-11-12,8,498,3984
16,1,8,10,2024-07-29,5,349,1745
17,1,12,10,2024-07-25,5,187,935
18,4,10,5,2024-11-24,7,342,2394
19,4,4,4,2024-10-28,10,25,250
20,2,5,6,2024-09-03,2,397,794
21,4,2,3,2024-07-15,10,143,1430
22,4,6,9,2024-09-10,5,439,2195
23,2,8,6,2024-02-07,8,325,2600
24,3,2,8,2024-08-29,4,258,1032
25,2,7,6,2024-01-25,2,16,32
26,2,3,3,2023-12-17,6,497,2982
27,1,4,7,2024-08-28,6,261,1566
28,3,9,8,2024-02-28,3,496,1488
29,4,11,9,2024-09-04,6,224,1344
30,2,7,3,2024-01-23,2,71,142
31,4,7,2,2024-08-26,2,10,20
32,2,4,10,2024-02-26,1,263,263
33,1,3,8,2024-01-15,9,127,1143
34,4,6,4,2024-10-01,6,482,2892
35,3,12,6,2024-01-18,3,320,960
36,2,3,6,2024-04-18,9,376,3384
37,2,1,9,2024-04-23,6,60,360
38,3,2,8,2024-09-08,3,75,225
39,1,9,5,2024-09-14,7,277,1939
40,3,4,7,2024-10-11,4,466,1864
41,4,6,10,2023-12-11,6,177,1062
42,3,8,10,2024-07-07,8,285,2280
43,2,2,9,2024-05-27,8,481,3848
44,4,5,7,2024-05-23,3,162,486
45,1,10,7,2024-06-14,3,310,930
46,1,12,9,2024-02-24,3,36,108
47,2,2,3,2024-05-15,4,471,1884
48,1,4,7,2024-10-03,2,399,798
49,4,1,5,2024-08-26,4,42,168
50,3,9,9,2024-08-06,6,55,330
51,2,3,4,2024-05-15,1,348,348
52,3,2,7,2024-11-13,7,373,2611
53,1,2,5,2024-01-06,10,305,3050
54,1,11,5,2024-10-21,7,194,1358
55,2,11,5,2023-12-12,9,494,4446
56,3,7,9,2024-10-25,10,312,3120
57,4,8,6,2023-12-25,6,26,156
58,2,4,5,2024-08-03,4,355,1420
59,3,8,3,2023-12-20,3,415,1245
60,1,1,4,2024-04-06,8,17,136
61,2,4,1,2024-06-11,5,388,1940
62,1,1,7,2024-11-04,6,176,1056
63,3,6,2,2024-01-26,3,315,945
64,1,12,4,2024-06-27,3,208,624
65,4,1,3,2023-12-28,7,32,224
66,3,1,10,2024-06-24,1,32,32
67,4,6,6,2024-04-04,5,285,1425
68,4,2,7,2024-04-07,7,115,805
69,3,2,8,2024-09-20,3,304,912
70,1,2,4,2024-06-22,3,299,897
71,3,8,5,2023-12-30,5,335,1675
72,2,4,4,2024-08-12,4,430,1720
73,2,3,1,2023-12-11,9,283,2547
74,1,6,2,2024-08-08,2,365,730
75,4,11,2,2024-05-01,5,111,555
76,1,7,2,2024-08-23,8,477,3816
77,1,3,9,2024-09-29,10,297,2970
78,3,3,4,2024-01-19,6,223,1338
79,4,8,8,2024-04-21,8,73,584
80,2,8,7,2024-04-20,2,22,44
81,2,1,3,2024-04-09,1,316,316
82,4,5,4,2024-04-16,1,326,326
83,1,3,6,2024-08-11,1,121,121
84,3,10,10,2024-04-02,9,124,1116
85,3,5,8,2024-06-12,10,239,2390
86,1,3,9,2024-05-27,2,385,770
87,1,3,5,2024-05-23,6,196,1176
88,3,8,3,2024-02-18,10,344,3440
89,3,10,2,2024-03-04,8,494,3952
90,2,3,9,2024-03-05,5,60,300
91,1,5,9,2024-06-11,10,203,2030
92,1,10,2,2024-08-02,1,182,182
93,3,4,1,2024-02-06,6,124,744
94,3,7,5,2024-03-10,5,155,775
95,1,2,9,2024-02-29,1,350,350
96,3,8,10,2023-12-29,2,261,522
97,3,7,5,2024-06-25,9,413,3717
98,2,9,4,2024-05-17,7,495,3465
99,4,10,2,2024-08-04,2,83,166
100,3,4,1,2024-05-26,3,348,1044
101,1,6,4,2024-11-02,5,344,1720
102,4,5,6,2023-12-11,2,285,570
103,2,2,2,2024-08-17,10,392,3920
104,3,9,7,2023-12-20,8,424,3392
105,2,10,3,2024-09-21,2,157,314
106,2,6,5,2024-02-26,10,17,170
107,1,7,2,2024-05-06,8,69,552
108,4,1,9,2024-04-16,10,484,4840
109,2,2,2,2024-08-24,5,283,1415
110,1,1,5,2024-02-13,9,67,603
111,1,8,1,2023-12-21,2,294,588
112,4,5,7,2023-12-11,4,119,476
113,3,5,2,2024-11-05,8,192,1536
114,1,12,8,2024-07-10,2,105,210
115,1,12,5,2024-01-21,6,125,750
116,4,4,5,2024-09-23,5,252,1260
117,4,6,1,2024-06-16,2,86,172
118,2,10,3,2024-02-12,7,166,1162
119,3,2,1,2024-09-02,7,28,196
120,4,6,8,2024-07-16,5,58,290
121,2,10,10,2024-10-25,6,298,1788
122,2,12,10,2024-03-19,7,40,280
123,1,2,10,2024-09-03,4,479,1916
124,4,1,5,2024-07-03,6,370,2220
125,1,6,1,2024-09-13,9,380,3420
126,2,1,2,2024-10-31,6,482,2892
127,4,11,9,2024-07-03,1,242,242
128,1,8,9,2024-12-02,2,232,464
129,4,4,1,2024-02-20,8,452,3616
130,2,6,3,2024-10-27,2,404,808
131,1,9,2,2024-11-04,6,305,1830
132,3,8,5,2024-02-25,6,487,2922
133,3,12,10,2023-12-10,3,360,1080
134,4,11,3,2024-10-27,10,411,4110
135,3,7,6,2024-04-07,2,249,498
136,3,4,7,2024-07-19,5,41,205
137,2,12,10,2024-02-03,5,86,430
138,1,9,7,2024-02-07,9,45,405
139,2,10,10,2024-08-28,8,153,1224
140,2,12,10,2024-05-29,10,367,3670
141,3,11,6,2024-10-03,3,106,318
142,4,4,7,2024-11-20,10,128,1280
143,3,1,5,2024-11-01,1,110,110
144,2,6,3,2024-07-25,9,427,3843
145,1,5,5,2024-05-11,7,165,1155
146,1,8,1,2024-09-08,5,387,1935
147,4,10,10,2024-11-02,7,125,875
148,4,5,9,2024-03-29,6,314,1884
149,4,12,9,2024-04-11,5,431,2155
150,3,10,5,2024-07-04,4,400,1600
151,1,12,8,2024-10-29,3,128,384
152,4,1,4,2024-03-26,8,65,520
153,1,7,3,2024-10-04,4,419,1676
154,3,4,8,2024-05-01,5,136,680
155,1,6,4,2024-03-19,10,357,3570
156,4,6,3,2024-10-06,10,54,540
157,2,10,1,2024-08-28,2,403,806
158,4,8,4,2024-04-16,2,103,206
159,2,2,2,2024-10-17,1,90,90
160,4,10,6,2024-07-08,1,403,403
161,4,5,8,2024-03-04,3,320,960
162,1,6,4,2024-03-21,10,205,2050
163,4,11,10,2024-06-02,8,72,576
164,2,2,5,2023-12-07,1,15,15
165,2,4,5,2024-03-04,7,388,2716
166,2,8,5,2024-06-27,2,288,576
167,1,1,5,2024-06-21,1,109,109
168,1,5,3,2024-11-16,6,380,2280
169,1,5,3,2024-04-05,1,44,44
170,2,9,1,2024-08-21,7,426,2982
171,1,12,4,2024-03-05,6,173,1038
172,2,4,8,2024-04-14,9,467,4203
173,2,6,9,2024-06-24,4,450,1800
174,3,7,10,2023-12-08,7,377,2639
175,3,7,6,2023-12-19,9,216,1944
176,4,7,7,2024-04-13,3,479,1437
177,3,10,2,2024-08-07,7,12,84
178,1,8,1,2024-03-12,7,252,1764
179,3,5,1,2024-01-15,4,131,524
180,4,2,8,2024-05-28,5,207,1035
181,4,10,7,2024-11-11,3,175,525
182,4,9,10,2024-10-01,4,327,1308
183,1,1,9,2024-01-03,10,182,1820
184,1,10,2,2024-11-22,9,363,3267
185,2,10,10,2024-08-18,8,446,3568
186,3,2,2,2024-12-04,4,81,324
187,2,6,5,2024-10-15,3,348,1044
188,3,7,6,2024-02-27,2,194,388
189,3,4,9,2023-12-21,9,407,3663
190,2,6,10,2024-08-22,7,386,2702
191,2,4,5,2024-01-15,8,162,1296
192,2,6,3,2024-10-21,10,237,2370
193,3,9,2,2024-03-03,3,366,1098
194,1,6,3,2024-07-24,2,319,638
195,1,3,10,2023-12-21,2,81,162
196,1,11,5,2024-10-19,7,425,2975
197,4,9,1,2024-09-24,3,166,498
198,2,8,3,2024-09-11,1,374,374
199,1,8,8,2024-09-28,4,154,616
200,3,8,9,2024-02-24,3,98,294
201,4,3,3,2024-01-17,1,359,359
202,1,2,1,2024-11-12,1,351,351
203,2,9,1,2024-08-13,7,287,2009
204,1,3,1,2024-11-23,7,59,413
205,2,9,1,2024-01-26,5,329,1645
206,2,9,9,2024-02-11,10,195,1950
207,2,5,8,2024-11-28,7,456,3192
208,1,1,5,2024-10-04,10,495,4950
209,1,11,9,2024-03-07,9,173,1557
210,3,12,10,2024-07-22,4,372,1488
211,2,1,7,2024-10-05,1,350,350
212,2,12,4,2023-12-10,3,183,549
213,1,2,3,2024-03-15,9,204,1836
214,1,6,8,2024-03-26,4,329,1316
215,1,8,7,2024-11-17,2,54,108
216,1,9,10,2024-05-21,7,493,3451
217,4,3,5,2024-08-03,9,429,3861
218,2,7,6,2024-02-23,2,273,546
219,4,10,6,2024-06-25,6,364,2184
220,2,8,7,2024-02-11,5,170,850
221,3,7,7,2023-12-19,7,121,847
222,1,7,4,2024-06-03,8,270,2160
223,1,6,4,2024-11-05,4,101,404
224,1,11,9,2023-12-23,1,447,447
225,3,11,10,2024-09-03,5,227,1135
226,4,5,2,2024-08-16,4,28,112
227,3,9,9,2024-03-08,9,306,2754
228,3,1,8,2024-09-09,7,358,2506
229,3,7,3,2023-12-16,10,273,2730
230,3,9,1,2024-03-23,10,353,3530
231,4,4,3,2024-10-17,9,436,3924
232,3,7,2,2024-04-08,5,363,1815
233,1,7,5,2024-08-16,4,453,1812
234,3,2,4,2024-12-05,5,465,2325
235,3,12,1,2024-10-23,6,426,2556
236,4,5,7,2024-03-10,4,290,1160
237,3,8,8,2024-02-19,2,84,168
238,2,5,10,2024-10-11,8,261,2088
239,2,6,5,2024-06-29,7,389,2723
240,4,1,2,2024-11-26,2,308,616
241,2,7,9,2024-05-03,6,424,2544
242,4,9,3,2024-01-17,9,378,3402
243,3,5,9,2023-12-16,6,424,2544
244,4,9,8,2024-11-20,1,23,23
245,4,9,4,2024-03-08,3,374,1122
246,2,7,7,2024-02-17,6,461,2766
247,2,2,9,2024-11-03,9,72,648
248,1,7,10,2023-12-24,7,430,3010
249,2,11,6,2024-01-28,5,434,2170
250,3,7,9,2024-06-24,8,221,1768
251,4,2,8,2024-06-04,5,123,615
252,1,8,1,2023-12-15,9,459,4131
253,4,8,9,2024-09-12,3,284,852
254,4,3,3,2024-09-21,6,166,996
255,2,1,2,2024-02-13,5,10,50
256,2,11,3,2024-11-20,1,290,290
257,3,9,10,2024-04-28,4,300,1200
258,4,1,8,2024-08-20,4,455,1820
259,1,4,3,2024-01-05,9,220,1980
260,3,1,4,2023-12-13,1,49,49
261,1,6,6,2024-05-03,10,46,460
262,1,11,10,2024-06-01,4,388,1552
263,4,2,9,2024-10-28,3,420,1260
264,3,9,10,2024-11-25,4,365,1460
265,1,4,1,2024-03-08,3,378,1134
266,3,11,2,2024-08-20,2,363,726
267,1,6,6,2024-06-23,2,416,832
268,4,4,10,2024-09-24,8,72,576
269,1,5,10,2023-12-11,9,20,180
270,1,2,7,2024-02-26,8,186,1488
271,1,1,6,2024-11-24,4,61,244
272,1,11,7,2024-03-28,1,204,204
273,4,11,3,2024-03-06,2,174,348
274,1,11,3,2024-05-10,1,242,242
275,2,2,7,2024-06-09,1,304,304
276,1,12,7,2024-10-30,8,75,600
277,4,12,7,2024-04-21,8,364,2912
278,3,10,10,2024-01-22,7,381,2667
279,3,1,3,2024-02-05,1,413,413
280,3,6,4,2024-01-25,6,385,2310
281,1,12,3,2024-11-26,3,51,153
282,1,2,1,2024-01-15,7,177,1239
283,4,11,9,2024-01-23,9,52,468
284,4,10,3,2024-05-04,3,133,399
285,1,12,10,2024-09-11,4,177,708
286,4,5,7,2024-11-01,8,26,208
287,2,2,10,2024-04-20,1,99,99
288,4,9,7,2024-04-18,8,433,3464
289,4,5,4,2024-02-09,3,133,399
290,3,10,8,2024-04-24,3,500,1500
291,2,2,1,2024-09-12,3,14,42
292,4,6,1,2024-02-13,2,452,904
293,2,4,7,2024-04-09,6,87,522
294,2,10,4,2023-12-17,1,372,372
295,1,6,6,2024-08-29,6,383,2298
296,1,5,1,2024-11-04,2,214,428
297,3,3,3,2024-02-26,10,399,3990
298,1,11,3,2024-10-16,2,333,666
299,1,2,4,2024-04-15,6,161,966
300,2,4,4,2024-10-05,7,66,462
301,1,4,6,2024-07-07,10,374,3740
302,2,1,8,2024-05-14,10,72,720
303,4,4,8,2024-01-25,2,165,330
304,3,2,7,2024-04-18,7,121,847
305,1,11,4,2024-07-09,3,422,1266
306,3,2,10,2023-12-17,1,334,334
307,1,5,6,2024-05-03,8,463,3704
308,3,7,3,2024-06-24,3,438,1314
309,3,3,6,2024-11-26,6,23,138
310,1,4,10,2024-04-08,2,174,348
311,3,12,10,2024-04-11,2,300,600
312,1,8,3,2024-03-31,8,452,3616
313,4,7,7,2024-08-01,6,323,1938
314,4,3,8,2024-03-12,8,140,1120
315,1,6,4,2024-07-07,5,124,620
316,1,3,3,2024-06-23,3,496,1488
317,3,4,3,2024-09-07,1,267,267
318,4,11,7,2024-03-23,9,401,3609
319,3,2,10,2024-03-02,9,291,2619
320,1,9,9,2024-04-23,8,138,1104
321,1,6,3,2024-08-29,7,264,1848
322,3,1,5,2023-12-21,1,249,249
323,3,7,5,2024-06-20,5,121,605
324,1,3,4,2024-08-15,7,71,497
325,1,8,6,2024-06-23,9,226,2034
326,3,6,7,2024-07-17,7,390,2730
327,4,2,3,2024-10-23,9,302,2718
328,3,11,10,2024-07-11,2,339,678
329,4,2,3,2024-10-11,4,386,1544
330,3,7,6,2024-05-08,6,415,2490
331,1,4,10,2023-12-17,4,339,1356
332,3,3,3,2024-10-26,2,488,976
333,1,8,2,2024-02-29,10,265,2650
334,4,6,4,2023-12-28,2,61,122
335,1,9,3,2023-12-11,1,420,420
336,4,9,6,2024-08-21,4,88,352
337,2,9,4,2024-03-28,6,481,2886
338,1,1,2,2024-06-19,5,115,575
339,4,3,6,2024-01-08,1,316,316
340,2,8,5,2024-09-29,3,19,57
341,1,4,6,2024-11-14,2,249,498
342,1,3,8,2024-07-22,3,171,513
343,3,11,7,2024-11-27,2,491,982
344,1,10,9,2024-10-22,7,45,315
345,1,7,4,2024-11-28,7,257,1799
346,1,8,2,2024-03-22,5,244,1220
347,1,5,5,2024-04-02,7,195,1365
348,4,8,5,2024-06-01,4,169,676
349,1,8,1,2024-08-03,7,102,714
350,1,2,1,2024-11-16,10,156,1560
351,4,6,8,2024-05-25,6,260,1560
352,1,9,5,2024-03-10,5,345,1725
353,4,3,5,2024-12-04,10,155,1550
354,2,9,10,2024-11-13,4,112,448
355,4,5,1,2024-01-16,8,257,2056
356,4,11,7,2024-08-26,6,216,1296
357,2,8,2,2024-08-23,3,140,420
358,4,4,8,2024-09-07,3,466,1398
359,2,2,1,2024-01-19,7,326,2282
360,4,5,1,2024-06-13,9,294,2646
361,2,10,8,2024-09-04,10,380,3800
362,4,4,5,2024-08-04,1,219,219
363,1,2,5,2023-12-17,3,405,1215
364,3,12,7,2024-04-03,1,468,468
365,1,8,10,2024-07-17,8,147,1176
366,3,6,4,2023-12-11,2,336,672
367,1,8,3,2024-04-13,5,473,2365
368,1,10,8,2024-03-04,10,293,2930
369,3,3,1,2024-09-24,2,373,746
370,1,2,4,2024-11-13,9,289,2601
371,3,4,5,2024-01-12,9,498,4482
372,2,7,6,2024-07-31,8,70,560
373,4,5,7,2024-10-14,3,150,450
374,2,6,9,2024-04-11,2,129,258
375,3,6,8,2024-02-04,5,197,985
376,1,5,8,2024-10-13,9,421,3789
377,2,2,4,2024-08-27,5,47,235
378,4,12,2,2024-07-11,5,192,960
379,3,4,8,2023-12-12,7,182,1274
380,4,2,5,2024-06-22,3,53,159
381,1,9,10,2024-06-12,2,188,376
382,2,6,1,2024-10-18,10,270,2700
383,4,8,10,2024-11-06,5,55,275
384,3,6,9,2024-02-29,8,143,1144
385,2,11,8,2024-04-27,2,430,860
386,3,3,1,2024-07-29,7,255,1785
387,3,7,8,2024-08-19,3,221,663
388,4,7,2,2024-04-09,6,403,2418
389,1,2,6,2024-01-28,10,303,3030
390,3,2,8,2024-11-06,4,147,588
391,1,7,5,2024-03-13,2,345,690
392,3,1,3,2024-04-18,9,113,1017
393,3,1,10,2024-10-31,8,12,96
394,2,8,3,2024-05-21,4,101,404
395,4,2,7,2024-04-22,4,483,1932
396,2,4,1,2024-07-27,7,175,1225
397,1,2,7,2024-05-17,5,150,750
398,2,11,5,2024-09-30,2,405,810
399,3,3,6,2024-07-28,9,377,3393
400,1,1,8,2024-06-14,10,214,2140
401,1,11,10,2024-02-18,2,136,272
402,2,2,10,2024-09-18,5,186,930
403,1,11,9,2024-12-05,5,440,2200
404,4,12,8,2024-09-17,8,380,3040
405,3,3,6,2024-10-02,10,125,1250
406,4,5,4,2024-09-23,1,43,43
407,3,11,3,2024-07-13,5,262,1310
408,2,5,2,2024-04-12,3,466,1398
409,1,3,9,2024-11-14,8,256,2048
410,1,5,6,2024-05-09,8,218,1744
411,2,9,6,2024-01-04,2,192,384
412,2,12,6,2024-01-03,9,107,963
413,4,2,6,2024-02-10,10,174,1740
414,4,5,3,2024-03-12,6,224,1344
415,1,5,1,2024-05-19,6,361,2166
416,1,7,8,2024-06-28,9,394,3546
417,4,4,7,2023-12-10,6,29,174
418,2,4,9,2024-11-26,3,445,1335
419,1,4,6,2024-10-13,3,87,261
420,1,4,3,2024-05-20,3,82,246
421,2,4,7,2024-09-05,3,436,1308
422,1,10,1,2024-02-28,8,263,2104
423,4,3,2,2024-10-08,9,11,99
424,3,1,3,2024-10-19,9,238,2142
425,1,9,10,2024-08-23,4,350,1400
426,1,12,2,2024-07-21,8,437,3496
427,4,8,7,2024-08-16,3,340,1020
428,3,5,2,2024-03-21,8,441,3528
429,4,3,10,2024-01-09,6,121,726
430,4,2,3,2024-01-28,5,303,1515
431,4,2,4,2024-02-28,5,217,1085
432,2,12,2,2024-02-11,3,393,1179
433,4,2,5,2024-11-21,9,118,1062
434,4,2,4,2024-07-24,10,140,1400
435,2,9,9,2024-11-27,3,132,396
436,4,11,4,2024-06-04,2,18,36
437,4,11,5,2024-06-27,1,199,199
438,2,1,10,2024-07-17,10,404,4040
439,3,1,7,2024-05-16,3,226,678
440,4,5,1,2024-09-14,9,251,2259
441,1,4,10,2024-07-26,1,481,481
442,1,9,1,2024-03-18,7,107,749
443,4,9,2,2024-03-09,2,267,534
444,2,11,3,2024-06-10,8,463,3704
445,1,11,7,2023-12-14,8,362,2896
446,2,1,4,2024-11-05,7,137,959
447,1,10,9,2024-02-13,10,257,2570
448,4,4,4,2024-12-02,1,249,249
449,3,12,4,2024-01-18,8,363,2904
450,1,3,1,2024-03-21,3,279,837
451,2,7,10,2024-06-28,10,70,700
452,1,8,8,2024-02-22,8,419,3352
453,3,7,6,2024-08-18,3,329,987
454,1,4,8,2024-05-08,10,421,4210
455,3,3,8,2024-01-20,3,45,135
456,3,8,7,2023-12-28,3,181,543
457,1,9,9,2024-01-13,2,199,398
458,1,12,8,2024-11-25,7,465,3255
459,4,6,7,2024-04-14,9,45,405
460,3,2,1,2024-06-11,10,92,920
461,3,4,3,2024-03-17,4,63,252
462,3,7,6,2024-05-16,6,161,966
463,2,6,5,2024-01-24,3,249,747
464,4,10,3,2024-09-21,1,471,471
465,2,11,10,2024-06-03,5,285,1425
466,2,9,5,2024-07-07,2,305,610
467,4,4,10,2024-11-03,7,180,1260
468,4,6,3,2024-07-11,2,32,64
469,1,4,7,2024-02-25,9,21,189
470,4,10,3,2024-02-18,3,191,573
471,2,5,7,2024-09-15,4,159,636
472,3,9,2,2024-07-11,5,106,530
473,2,3,2,2024-04-04,6,424,2544
474,2,2,4,2024-04-21,9,106,954
475,2,1,4,2023-12-29,6,276,1656
476,4,1,10,2024-02-14,8,366,2928
477,2,3,1,2024-02-15,3,457,1371
478,1,2,10,2024-09-29,10,90,900
479,3,10,10,2024-12-03,9,220,1980
480,1,2,8,2024-03-22,2,355,710
481,4,3,3,2024-08-01,10,329,3290
482,1,11,3,2024-11-30,5,28,140
483,2,7,7,2024-04-19,8,379,3032
484,2,6,10,2024-08-11,6,193,1158
485,4,4,6,2024-09-06,10,150,1500
486,4,3,6,2024-08-25,5,342,1710
487,4,4,1,2024-10-11,7,30,210
488,3,4,8,2024-03-14,5,335,1675
489,2,1,8,2024-04-30,6,18,108
490,1,8,7,2024-11-12,6,262,1572
491,2,6,4,2024-03-05,6,335,2010
492,3,4,6,2024-01-30,4,438,1752
493,3,11,4,2024-11-25,7,253,1771
494,1,7,7,2024-01-23,4,88,352
495,1,12,6,2024-09-30,8,212,1696
496,4,9,9,2024-07-05,9,118,1062
497,1,3,4,2024-08-25,2,318,636
498,4,3,5,2024-12-01,1,363,363
499,4,5,3,2024-04-02,7,13,91
500,4,11,2,2024-10-27,6,312,1872
501,3,12,6,2024-03-28,1,387,387
502,1,9,4,2024-10-16,4,477,1908
503,2,4,5,2024-05-23,3,438,1314
504,4,9,9,2024-04-10,6,37,222
505,2,5,3,2024-03-14,1,497,497
506,4,1,8,2024-03-19,3,254,762
507,3,2,4,2024-05-28,8,330,2640
508,1,4,3,2024-06-14,4,427,1708
509,4,3,1,2024-11-11,5,304,1520
510,4,6,4,2024-07-23,7,369,2583
511,4,10,8,2024-01-23,7,80,560
512,2,1,5,2024-09-24,10,369,3690
513,1,1,2,2024-02-12,9,29,261
514,4,6,4,2024-10-11,9,270,2430
515,4,1,1,2024-03-24,3,228,684
516,4,6,4,2024-09-17,7,392,2744
517,1,12,9,2024-08-20,1,18,18
518,1,12,8,2024-11-10,8,259,2072
519,3,4,8,2024-04-20,10,128,1280
520,4,11,9,2024-08-03,8,208,1664
521,2,11,8,2024-04-02,5,18,90
522,2,8,7,2024-11-13,9,50,450
523,4,3,4,2024-03-10,3,146,438
524,4,7,7,2024-05-26,10,429,4290
525,3,7,9,2023-12-09,9,330,2970
526,3,7,7,2024-04-28,5,286,1430
527,4,5,10,2024-03-28,7,500,3500
528,1,8,4,2024-08-16,3,302,906
529,1,2,6,2024-09-12,7,192,1344
530,1,3,1,2024-11-08,6,69,414
531,3,4,4,2023-12-15,3,36,108
532,1,11,4,2024-08-24,1,196,196
533,4,2,2,2024-02-23,10,119,1190
534,2,6,4,2023-12-11,2,51,102
535,4,8,1,2023-12-13,1,196,196
536,4,5,7,2024-03-07,8,411,3288
537,2,8,1,2024-10-17,6,130,780
538,1,11,9,2024-01-07,2,337,674
539,4,7,8,2024-10-13,1,248,248
540,2,3,1,2024-01-05,9,150,1350
541,3,4,8,2024-08-28,1,446,446
542,2,5,9,2024-01-05,10,483,4830
543,2,11,2,2024-03-03,5,421,2105
544,1,7,9,2023-12-28,6,476,2856
545,3,9,1,2024-06-04,9,148,1332
546,4,3,4,2024-10-31,9,240,2160
547,1,6,9,2024-04-26,8,172,1376
548,3,9,2,2024-11-14,6,69,414
549,3,8,7,2024-07-23,7,266,1862
550,3,10,4,2024-01-15,10,188,1880
551,1,7,10,2024-01-10,4,451,1804
552,2,10,4,2024-01-15,1,10,10
553,2,11,4,2024-09-25,5,488,2440
554,3,4,3,2024-08-16,1,46,46
555,3,8,1,2024-11-22,5,202,1010
556,4,2,2,2024-03-24,1,304,304
557,1,3,5,2024-07-04,7,25,175
558,3,1,9,2024-10-02,2,287,574
559,2,8,1,2024-08-18,6,140,840
560,3,9,7,2024-09-11,10,387,3870
561,4,2,1,2024-09-21,9,387,3483
562,3,10,3,2024-07-22,8,356,2848
563,3,6,4,2024-04-20,5,188,940
564,4,4,7,2024-04-02,10,301,3010
565,3,1,5,2024-11-23,2,138,276
566,2,3,9,2024-02-29,9,362,3258
567,4,10,7,2024-10-24,8,307,2456
568,2,7,10,2024-07-19,9,474,4266
569,1,1,6,2024-10-10,10,144,1440
570,1,1,9,2024-11-29,7,81,567
571,1,2,3,2024-11-23,5,182,910
572,2,5,2,2024-03-06,10,395,3950
573,2,1,2,2024-06-13,3,132,396
574,1,4,8,2024-03-18,1,273,273
575,2,6,5,2024-03-03,7,350,2450
576,3,2,3,2024-10-27,6,476,2856
577,2,6,7,2024-05-15,3,143,429
578,3,9,5,2024-09-22,6,123,738
579,4,4,3,2024-10-20,5,419,2095
580,3,6,3,2023-12-21,5,10,50
581,2,8,4,2024-04-19,2,409,818
582,4,5,1,2024-08-08,4,46,184
583,2,1,10,2024-07-14,10,440,4400
584,1,4,7,2023-12-24,4,238,952
585,3,7,2,2023-12-16,8,203,1624
586,4,3,6,2024-07-16,2,455,910
587,1,9,5,2024-03-21,5,48,240
588,2,9,8,2024-01-24,8,70,560
589,3,8,7,2024-01-24,3,46,138
590,4,9,1,2024-03-20,7,499,3493
591,4,2,6,2024-08-20,4,298,1192
592,1,9,8,2024-11-04,8,102,816
593,2,10,3,2024-05-07,8,303,2424
594,4,6,4,2024-06-03,9,336,3024
595,4,10,8,2024-08-30,6,325,1950
596,1,3,10,2024-02-23,10,237,2370
597,4,4,9,2024-01-28,5,496,2480
598,2,9,7,2024-09-29,6,70,420
599,1,9,8,2024-03-13,8,428,3424
600,3,8,2,2023-12-19,7,212,1484
601,1,10,7,2024-06-21,7,426,2982
602,2,11,8,2024-10-27,6,477,2862
603,2,10,9,2024-03-16,7,500,3500
604,1,6,1,2024-09-18,10,271,2710
605,2,11,1,2024-01-24,2,208,416
606,4,11,5,2024-06-24,3,441,1323
607,1,6,10,2023-12-13,4,311,1244
608,2,4,9,2024-04-07,3,422,1266
609,3,7,2,2024-03-11,10,59,590
610,2,9,2,2024-09-28,7,302,2114
611,2,3,7,2024-07-28,5,462,2310
612,4,2,10,2024-07-15,1,95,95
613,1,4,7,2024-08-04,10,41,410
614,4,10,3,2024-09-19,5,155,775
615,4,1,9,2024-05-31,9,156,1404
616,1,11,8,2024-02-04,4,35,140
617,3,8,5,2024-08-22,6,224,1344
618,4,2,6,2024-05-31,1,130,130
619,3,8,5,2024-11-21,7,240,1680
620,2,12,2,2024-10-23,5,426,2130
621,3,4,9,2024-06-08,4,138,552
622,2,9,4,2024-06-01,7,396,2772
623,4,3,6,2024-09-14,4,223,892
624,2,6,4,2024-04-13,4,19,76
625,1,3,8,2024-10-23,5,428,2140
626,1,9,10,2024-09-23,6,421,2526
627,1,7,4,2024-09-15,2,24,48
628,4,8,10,2024-08-18,9,282,2538
629,1,10,2,2024-01-01,1,10,10
630,4,12,1,2024-10-04,1,267,267
631,2,8,2,2024-11-02,8,216,1728
632,4,5,9,2024-03-02,10,390,3900
633,4,12,5,2024-02-02,7,308,2156
634,3,11,2,2024-01-22,10,37,370
635,4,10,8,2024-09-10,3,14,42
636,3,2,5,2024-05-23,5,180,900
637,2,3,7,2024-09-01,4,186,744
638,4,1,1,2024-04-07,7,360,2520
639,1,9,5,2024-01-21,10,164,1640
640,3,5,5,2024-02-06,10,204,2040
641,1,7,5,2024-10-08,5,266,1330
642,3,7,4,2024-10-14,8,273,2184
643,3,1,4,2024-05-16,10,354,3540
644,3,8,10,2024-08-28,1,355,355
645,3,5,6,2024-03-10,7,204,1428
646,3,4,3,2024-01-31,5,402,2010
647,1,6,3,2024-08-11,9,317,2853
648,3,4,3,2024-10-05,5,279,1395
649,1,12,8,2024-11-23,3,447,1341
650,1,9,4,2024-07-01,7,86,602
651,1,5,5,2024-03-29,9,246,2214
652,3,12,4,2024-02-10,6,281,1686
653,4,6,10,2024-03-14,9,458,4122
654,1,6,4,2024-11-25,4,277,1108
655,3,5,6,2024-09-21,7,77,539
656,3,11,10,2024-09-26,6,128,768
657,3,8,9,2024-09-24,6,109,654
658,1,9,8,2024-08-23,8,408,3264
659,3,11,5,2023-12-14,10,325,3250
660,1,8,3,2024-08-27,2,143,286
661,4,8,3,2023-12-18,10,383,3830
662,2,1,8,2023-12-29,3,178,534
663,3,8,2,2024-08-05,3,386,1158
664,1,11,6,2024-07-11,1,112,112
665,3,12,9,2024-05-01,10,75,750
666,2,7,2,2024-05-21,9,281,2529
667,3,5,8,2024-01-10,3,194,582
668,1,2,10,2024-03-18,6,498,2988
669,1,7,4,2024-09-11,7,125,875
670,3,3,3,2024-04-23,6,433,2598
671,2,8,10,2024-06-30,4,106,424
672,3,7,7,2024-10-02,9,18,162
673,4,6,10,2023-12-31,8,373,2984
674,3,10,3,2024-11-02,2,424,848
675,1,4,6,2024-04-05,1,319,319
676,2,5,4,2024-05-05,8,294,2352
677,3,6,10,2024-10-31,7,422,2954
678,2,2,8,2023-12-22,5,164,820
679,1,9,7,2024-08-23,8,428,3424
680,1,5,2,2024-07-15,9,159,1431
681,4,2,3,2023-12-10,1,379,379
682,2,10,10,2024-06-29,6,63,378
683,1,12,6,2024-04-16,3,292,876
684,3,11,5,2023-12-14,2,268,536
685,3,7,5,2024-02-28,2,206,412
686,3,11,5,2024-07-08,6,173,1038
687,4,7,6,2024-02-28,10,336,3360
688,3,11,2,2024-07-19,6,53,318
689,1,3,9,2024-08-13,7,241,1687
690,3,2,3,2024-11-21,1,166,166
691,1,11,2,2024-04-11,4,413,1652
692,1,11,4,2024-09-15,1,221,221
693,1,6,2,2024-05-09,7,264,1848
694,3,7,7,2024-02-02,8,404,3232
695,3,12,9,2024-04-29,6,259,1554
696,3,1,3,2024-08-06,8,428,3424
697,1,12,8,2024-10-05,1,309,309
698,3,2,1,2024-06-03,2,423,846
699,3,5,7,2024-07-12,5,403,2015
700,4,7,8,2024-11-01,8,119,952
701,1,7,1,2023-12-11,4,246,984
702,2,11,3,2024-09-17,8,334,2672
703,3,6,6,2024-03-22,8,181,1448
704,1,1,3,2024-05-02,1,475,475
705,1,8,4,2024-03-20,7,26,182
706,1,2,4,2024-01-01,9,310,2790
707,1,7,4,2024-01-13,2,52,104
708,4,3,5,2024-05-08,8,380,3040
709,4,6,7,2024-10-20,8,339,2712
710,1,11,4,2024-01-06,2,397,794
711,2,9,9,2024-01-04,10,333,3330
712,4,2,1,2024-11-19,7,456,3192
713,2,10,1,2024-05-29,5,310,1550
714,2,12,5,2024-01-05,3,147,441
715,4,10,4,2024-04-09,10,264,2640
716,2,11,4,2024-02-09,3,209,627
717,1,10,3,2024-10-31,1,343,343
718,2,5,4,2024-05-31,4,45,180
719,4,8,6,2024-08-15,1,240,240
720,2,10,9,2024-07-07,7,166,1162
721,4,4,6,2024-03-29,9,303,2727
722,1,9,9,2024-10-01,9,18,162
723,4,10,8,2024-06-15,1,477,477
724,1,11,7,2024-06-24,3,420,1260
725,4,11,4,2024-03-16,7,183,1281
726,1,11,2,2024-03-31,1,268,268
727,4,10,3,2024-10-13,6,352,2112
728,2,2,10,2024-10-25,1,90,90
729,2,5,5,2024-09-08,10,69,690
730,1,12,10,2024-10-01,4,36,144
731,2,12,9,2023-12-13,2,335,670
732,3,2,5,2024-07-01,1,30,30
733,1,11,9,2024-05-23,10,427,4270
734,3,12,3,2024-05-11,4,224,896
735,1,10,6,2024-03-05,9,146,1314
736,2,4,10,2024-11-14,6,105,630
737,2,4,2,2024-06-02,5,388,1940
738,4,5,8,2024-10-10,3,191,573
739,4,2,4,2024-06-10,4,129,516
740,4,6,1,2024-08-18,2,195,390
741,3,10,2,2024-08-20,6,251,1506
742,3,2,1,2024-06-15,3,341,1023
743,1,3,2,2024-06-04,5,388,1940
744,3,1,5,2024-11-21,9,332,2988
745,2,9,7,2024-09-21,6,291,1746
746,2,2,6,2024-11-19,5,428,2140
747,3,3,10,2024-05-04,1,205,205
748,1,8,8,2024-10-01,3,348,1044
749,2,9,5,2024-06-04,9,21,189
750,2,12,6,2024-06-16,6,54,324
751,3,6,2,2023-12-28,9,402,3618
752,2,1,4,2024-04-09,3,81,243
753,4,7,6,2024-01-12,1,33,33
754,1,2,7,2024-07-30,5,183,915
755,4,10,4,2024-02-16,6,183,1098
756,3,5,5,2024-11-05,10,342,3420
757,1,8,5,2024-04-14,3,131,393
758,4,2,9,2024-01-09,5,276,1380
759,3,10,6,2024-03-07,9,21,189
760,4,11,5,2024-07-22,1,344,344
761,1,6,5,2024-09-01,10,429,4290
762,4,4,5,2024-02-11,6,248,1488
763,4,9,3,2023-12-07,8,20,160
764,2,10,8,2024-04-15,7,415,2905
765,2,2,4,2023-12-12,10,401,4010
766,4,1,9,2024-08-23,6,63,378
767,1,10,1,2024-02-05,9,429,3861
768,4,9,1,2024-12-01,7,484,3388
769,2,8,3,2024-05-22,2,425,850
770,2,4,4,2024-09-12,1,361,361
771,2,9,1,2024-06-15,7,196,1372
772,1,10,3,2024-02-29,6,388,2328
773,2,4,1,2023-12-07,5,322,1610
774,1,10,2,2024-09-20,5,415,2075
775,2,10,6,2024-05-31,10,185,1850
776,3,12,4,2024-09-02,8,263,2104
777,4,1,1,2024-05-21,8,134,1072
778,2,8,8,2024-12-05,9,108,972
779,2,2,5,2024-02-01,2,219,438
780,2,5,3,2024-03-25,4,13,52
781,2,9,9,2024-11-27,2,306,612
782,2,8,5,2024-03-04,5,445,2225
783,4,4,3,2024-10-10,8,65,520
784,4,7,2,2024-06-01,2,282,564
785,1,4,4,2024-02-16,9,404,3636
786,1,3,4,2024-06-12,10,310,3100
787,3,8,1,2024-11-13,9,135,1215
788,2,10,6,2024-10-30,4,453,1812
789,1,9,2,2024-12-02,5,448,2240
790,3,2,7,2024-02-22,10,151,1510
791,3,2,4,2024-06-06,6,423,2538
792,4,11,8,2024-05-29,3,368,1104
793,1,4,8,2024-01-05,3,91,273
794,3,6,2,2024-01-22,3,155,465
795,3,9,2,2024-02-15,10,131,1310
796,2,8,10,2024-05-29,1,182,182
797,1,8,3,2024-10-26,4,351,1404
798,1,12,4,2024-07-03,7,343,2401
799,2,8,3,2024-09-07,5,203,1015
800,1,9,10,2024-05-12,3,59,177
801,4,11,8,2024-01-13,3,144,432
802,4,2,6,2024-11-02,9,226,2034
803,4,2,10,2024-05-22,3,225,675
804,2,2,6,2024-09-23,6,43,258
805,4,6,3,2023-12-23,10,317,3170
806,4,12,10,2023-12-25,8,421,3368
807,3,5,4,2024-02-21,1,112,112
808,4,4,2,2024-05-16,2,326,652
809,2,10,10,2024-10-09,5,130,650
810,1,4,6,2024-06-26,1,334,334
811,1,6,5,2023-12-21,8,363,2904
812,1,3,2,2024-11-05,1,152,152
813,1,5,9,2024-08-01,3,336,1008
814,4,10,8,2024-11-20,10,455,4550
815,1,8,5,2024-11-25,2,394,788
816,3,12,10,2024-10-30,9,476,4284
817,1,11,3,2024-10-21,9,125,1125
818,4,11,9,2024-08-30,2,451,902
819,2,7,6,2024-07-14,10,194,1940
820,1,8,4,2024-03-23,3,223,669
821,2,7,1,2024-05-28,9,145,1305
822,1,5,10,2024-05-23,2,138,276
823,4,12,10,2024-07-19,4,297,1188
824,4,12,6,2023-12-12,6,297,1782
825,2,7,7,2024-07-24,8,196,1568
826,4,8,9,2024-02-23,7,137,959
827,4,10,7,2024-11-29,6,244,1464
828,1,9,5,2024-11-03,6,119,714
829,4,5,10,2024-04-24,2,292,584
830,3,2,9,2024-10-14,6,409,2454
831,1,4,4,2024-06-24,1,486,486
832,2,10,2,2024-08-31,10,37,370
833,3,8,3,2024-11-29,5,469,2345
834,1,10,2,2024-06-06,3,62,186
835,2,4,9,2024-02-27,4,277,1108
836,2,3,5,2024-08-15,4,473,1892
837,2,3,8,2024-07-30,6,32,192
838,2,6,8,2024-09-25,5,111,555
839,4,2,8,2024-09-17,10,150,1500
840,4,5,7,2024-01-11,1,26,26
841,4,2,5,2024-01-07,5,32,160
842,4,10,6,2024-03-02,10,14,140
843,2,3,8,2024-03-03,4,381,1524
844,2,3,1,2024-11-28,4,408,1632
845,1,9,7,2024-06-22,2,483,966
846,4,1,8,2023-12-12,10,157,1570
847,1,12,10,2024-06-23,4,430,1720
848,2,5,5,2024-01-15,10,334,3340
849,1,11,5,2024-09-05,10,333,3330
850,1,4,5,2024-10-20,6,305,1830
851,1,5,8,2024-08-07,8,379,3032
852,2,12,9,2024-11-22,9,326,2934
853,4,4,2,2024-05-25,10,41,410
854,1,7,1,2023-12-25,7,64,448
855,1,2,2,2024-10-07,4,425,1700
856,1,10,10,2024-03-06,1,432,432
857,3,4,1,2024-07-05,1,345,345
858,4,3,2,2024-08-19,1,257,257
859,3,8,6,2023-12-26,4,48,192
860,3,12,10,2023-12-16,1,86,86
861,3,6,2,2024-02-11,2,41,82
862,2,8,7,2024-09-23,2,453,906
863,4,12,2,2024-10-31,1,345,345
864,1,1,1,2024-01-06,2,30,60
865,1,10,1,2024-08-31,2,108,216
866,3,4,3,2024-07-18,10,31,310
867,1,3,1,2024-10-21,6,40,240
868,2,7,1,2024-11-12,2,199,398
869,2,10,8,2024-04-08,8,94,752
870,3,6,1,2024-01-12,10,142,1420
871,2,11,3,2024-05-06,6,223,1338
872,3,6,1,2024-07-17,5,324,1620
873,4,9,5,2024-07-27,1,228,228
874,3,8,9,2023-12-28,7,12,84
875,1,10,6,2024-08-27,1,77,77
876,4,11,9,2024-08-30,2,111,222
877,2,8,2,2024-06-01,5,370,1850
878,2,7,8,2024-08-20,3,237,711
879,3,7,9,2024-04-01,5,231,1155
880,1,10,2,2024-06-15,5,339,1695
881,1,4,4,2024-10-04,7,384,2688
882,3,12,1,2024-01-04,8,107,856
883,1,4,9,2024-05-26,5,491,2455
884,2,9,5,2024-05-02,10,393,3930
885,1,1,4,2024-06-04,3,84,252
886,1,11,8,2024-03-18,10,464,4640
887,4,3,6,2024-03-16,5,16,80
888,1,3,1,2024-09-22,7,194,1358
889,2,4,10,2023-12-24,1,179,179
890,2,11,8,2024-07-01,6,412,2472
891,4,8,7,2024-02-10,10,97,970
892,2,8,3,2024-10-04,4,267,1068
893,4,11,10,2024-12-06,6,57,342
894,1,5,6,2024-06-10,8,281,2248
895,4,2,8,2024-04-04,3,308,924
896,4,2,8,2024-07-17,10,420,4200
897,1,7,5,2024-06-23,9,236,2124
898,1,5,6,2024-05-28,3,387,1161
899,3,4,3,2024-08-02,5,164,820
900,4,9,9,2024-11-27,9,278,2502
901,2,2,8,2024-08-05,10,270,2700
902,4,6,1,2024-04-09,8,348,2784
903,3,5,8,2024-11-27,5,398,1990
904,4,7,7,2024-06-12,7,160,1120
905,1,3,1,2024-10-20,9,176,1584
906,1,7,4,2024-07-11,1,409,409
907,1,2,6,2024-01-20,8,159,1272
908,3,10,3,2024-10-20,9,169,1521
909,1,8,8,2024-06-02,4,442,1768
910,4,1,8,2024-07-09,1,114,114
911,4,6,9,2024-01-29,6,418,2508
912,1,1,3,2024-06-11,6,205,1230
913,3,4,4,2024-08-18,6,482,2892
914,1,5,2,2024-09-05,2,155,310
915,3,3,6,2024-06-26,6,59,354
916,1,6,2,2024-11-25,8,393,3144
917,3,11,8,2024-01-30,5,99,495
918,2,2,9,2024-01-14,7,384,2688
919,1,8,6,2024-07-16,1,198,198
920,3,1,4,2024-07-19,5,270,1350
921,1,10,3,2024-01-21,5,74,370
922,3,9,4,2024-10-09,5,484,2420
923,2,8,8,2024-02-22,9,391,3519
924,4,12,10,2024-07-15,1,313,313
925,1,7,9,2024-05-05,4,311,1244
926,3,1,8,2024-11-08,1,467,467
927,1,6,6,2024-07-03,9,162,1458
928,3,4,5,2024-09-30,10,62,620
929,2,12,3,2024-03-22,7,192,1344
930,3,4,9,2024-02-01,1,332,332
931,2,9,9,2024-09-25,9,36,324
932,1,12,7,2024-05-20,10,243,2430
933,1,2,1,2024-08-01,7,57,399
934,4,5,2,2024-11-16,4,20,80
935,3,10,10,2024-10-15,5,262,1310
936,3,10,8,2024-05-14,7,372,2604
937,3,5,6,2024-09-16,6,233,1398
938,2,8,10,2024-07-04,6,441,2646
939,2,3,7,2024-08-08,9,195,1755
940,3,3,5,2024-01-08,4,56,224
941,3,12,1,2024-08-03,7,296,2072
942,1,2,3,2024-02-08,2,411,822
943,4,12,9,2024-09-04,8,245,1960
944,2,1,3,2024-06-20,9,323,2907
945,1,5,7,2024-11-13,8,177,1416
946,1,2,3,2024-09-03,5,461,2305
947,2,3,6,2024-03-18,7,300,2100
948,1,7,4,2024-10-11,9,213,1917
949,2,8,4,2024-09-23,1,239,239
950,3,9,2,2024-05-17,2,151,302
951,3,4,5,2024-01-24,6,324,1944
952,3,2,1,2024-03-11,5,128,640
953,3,6,7,2024-06-11,2,380,760
954,3,6,2,2024-05-05,5,345,1725
955,1,2,7,2024-08-05,5,208,1040
956,2,7,5,2024-05-31,2,430,860
957,4,9,8,2023-12-27,1,55,55
958,2,11,7,2024-07-25,9,268,2412
959,2,12,10,2024-10-13,10,307,3070
960,4,11,2,2024-01-02,6,234,1404
961,4,12,4,2024-06-20,3,323,969
962,2,10,5,2024-03-09,3,161,483
963,1,5,7,2024-07-04,10,268,2680
964,1,9,4,2024-02-28,1,27,27
965,1,12,8,2024-07-31,8,155,1240
966,3,9,5,2024-04-19,6,149,894
967,3,3,4,2024-01-11,5,70,350
968,4,5,2,2024-10-28,7,34,238
969,4,4,9,2024-09-01,7,372,2604
970,2,12,9,2024-07-07,7,418,2926
971,3,2,9,2024-04-25,7,92,644
972,1,5,4,2024-01-10,9,66,594
973,4,3,3,2024-06-12,9,353,3177
974,3,12,8,2024-04-18,4,237,948
975,1,7,5,2024-07-07,1,395,395
976,4,11,8,2023-12-25,1,275,275
977,1,1,3,2024-06-27,6,483,2898
978,1,8,6,2024-04-26,3,128,384
979,2,3,5,2024-02-03,9,44,396
980,2,11,3,2024-05-29,9,20,180
981,3,6,3,2024-02-21,7,20,140
982,2,5,6,2024-04-08,1,372,372
983,2,10,9,2024-06-06,2,447,894
984,2,4,4,2024-06-26,8,344,2752
985,1,5,7,2024-10-22,10,402,4020
986,1,6,5,2024-09-10,9,306,2754
987,4,3,8,2024-05-24,8,228,1824
988,2,9,8,2024-10-20,9,488,4392
989,2,5,2,2024-12-03,6,80,480
990,3,9,10,2024-01-28,10,306,3060
991,4,1,3,2024-11-04,1,126,126
992,4,4,5,2024-03-14,10,422,4220
993,4,12,2,2024-06-04,7,287,2009
994,2,1,8,2024-01-17,7,288,2016
995,3,9,2,2024-01-26,4,300,1200
996,3,3,1,2024-04-16,9,269,2421
997,1,6,9,2024-08-10,1,397,397
998,1,7,4,2024-06-27,6,136,816
999,2,2,7,2024-09-27,3,346,1038
1000,4,5,3,2024-05-23,5,118,590
1001,3,1,1,2024-09-25,9,330,2970
1002,2,10,10,2024-08-11,3,109,327
1003,4,3,10,2024-09-29,8,351,2808
1004,2,2,4,2024-10-13,3,49,147
1005,2,9,4,2024-02-21,10,321,3210
1006,3,6,4,2024-09-28,6,126,756
1007,1,2,4,2024-02-14,4,94,376
1008,3,10,6,2024-04-10,10,464,4640
1009,3,6,9,2024-02-29,1,387,387
1010,4,6,1,2023-12-28,3,392,1176
1011,2,12,4,2024-07-01,2,34,68
1012,4,4,5,2024-02-17,1,483,483
1013,1,9,3,2024-08-13,9,171,1539
1014,3,10,9,2024-08-21,1,62,62
1015,1,1,3,2024-07-15,7,437,3059
1016,1,5,2,2024-07-20,3,280,840
1017,4,1,6,2024-02-06,3,15,45
1018,3,12,3,2024-07-23,8,460,3680
1019,1,7,3,2024-04-24,4,440,1760
1020,1,12,6,2024-01-17,9,367,3303
1021,3,12,6,2024-07-13,2,186,372
1022,1,3,10,2024-07-09,2,149,298
1023,2,3,1,2024-04-15,4,39,156
1024,3,9,4,2024-09-09,7,305,2135
1025,1,8,10,2024-01-02,8,149,1192
1026,2,3,5,2024-09-21,9,152,1368
1027,3,3,7,2024-05-21,4,124,496
1028,1,5,1,2024-07-10,1,181,181
1029,4,1,5,2024-12-05,1,169,169
1030,3,2,8,2023-12-17,4,436,1744
1031,3,2,8,2024-09-24,3,422,1266
1032,4,8,4,2024-11-28,9,271,2439
1033,3,7,8,2024-02-22,7,43,301
1034,3,4,7,2024-04-05,4,137,548
1035,3,5,5,2024-02-17,4,129,516
1036,3,7,9,2024-09-03,9,372,3348
1037,1,8,7,2024-02-12,3,384,1152
1038,1,2,3,2024-02-25,7,184,1288
1039,2,5,2,2024-05-15,7,429,3003
1040,1,8,7,2024-02-17,2,423,846
1041,2,11,9,2024-06-29,5,260,1300
1042,1,5,2,2024-06-21,8,182,1456
1043,4,11,4,2024-01-26,8,377,3016
1044,4,7,5,2024-03-10,9,58,522
1045,3,9,9,2024-09-25,9,251,2259
1046,4,5,5,2023-12-10,3,78,234
1047,1,8,4,2024-03-23,3,377,1131
1048,1,10,9,2023-12-23,2,294,588
1049,1,12,9,2024-03-19,3,378,1134
1050,2,7,5,2024-04-21,2,109,218
1051,1,2,8,2024-07-03,5,498,2490
1052,1,9,2,2024-06-04,2,205,410
1053,1,10,8,2024-01-28,10,211,2110
1054,3,4,10,2024-10-17,5,458,2290
1055,3,4,3,2024-11-04,9,387,3483
1056,1,8,4,2024-06-08,2,403,806
1057,3,6,9,2024-05-21,6,397,2382
1058,4,7,9,2024-02-20,9,427,3843
1059,2,12,3,2024-12-02,4,330,1320
1060,3,9,2,2024-06-23,5,300,1500
1061,4,6,5,2024-01-25,4,80,320
1062,4,4,7,2024-11-27,2,360,720
1063,3,4,7,2024-09-23,8,115,920
1064,2,10,6,2024-04-27,2,453,906
1065,4,9,5,2024-01-10,3,376,1128
1066,1,11,9,2024-10-31,10,243,2430
1067,4,3,7,2024-08-14,9,137,1233
1068,1,6,2,2024-08-14,10,385,3850
1069,1,11,1,2024-10-09,1,475,475
1070,2,8,4,2024-03-16,8,349,2792
1071,1,3,9,2024-04-21,1,439,439
1072,2,2,1,2023-12-22,8,196,1568
1073,1,9,7,2024-02-07,1,283,283
1074,1,12,10,2024-01-07,7,431,3017
1075,3,1,8,2024-04-16,9,304,2736
1076,3,4,4,2024-02-18,5,280,1400
1077,2,3,2,2024-01-17,5,417,2085
1078,4,8,1,2024-04-27,3,198,594
1079,4,8,7,2024-10-24,3,398,1194
1080,2,11,10,2024-06-10,3,228,684
1081,2,2,7,2024-06-03,6,240,1440
1082,2,4,2,2024-04-26,7,353,2471
1083,4,6,3,2024-12-02,4,491,1964
1084,2,6,2,2024-03-04,2,32,64
1085,3,8,3,2023-12-21,6,85,510
1086,1,3,6,2024-11-27,9,482,4338
1087,4,8,2,2024-03-09,9,108,972
1088,2,10,4,2024-05-16,5,332,1660
1089,2,2,2,2024-07-08,8,144,1152
1090,4,8,9,2024-08-17,4,85,340
1091,2,8,9,2024-08-28,1,381,381
1092,2,10,10,2024-11-24,2,361,722
1093,1,7,2,2024-02-19,2,199,398
1094,3,10,6,2024-09-19,4,254,1016
1095,3,1,10,2024-01-23,9,197,1773
1096,1,5,2,2024-11-21,1,383,383
1097,2,2,10,2024-09-15,3,279,837
1098,4,7,3,2024-05-28,10,329,3290
1099,1,3,5,2024-06-11,8,378,3024
1100,2,10,7,2024-06-06,2,135,270
1101,3,6,8,2024-10-12,1,13,13
1102,2,11,4,2024-01-26,10,187,1870
1103,1,9,5,2024-01-29,7,304,2128
1104,3,7,7,2024-07-10,1,105,105
1105,4,7,9,2024-07-09,10,405,4050
1106,4,2,4,2024-01-09,6,216,1296
1107,1,11,9,2024-07-13,3,421,1263
1108,4,6,5,2024-05-30,4,437,1748
1109,2,2,6,2024-04-05,4,198,792
1110,4,12,10,2024-07-17,2,103,206
1111,1,10,8,2024-01-26,3,277,831
1112,4,7,6,2024-03-24,8,256,2048
1113,1,6,3,2024-03-19,8,252,2016
1114,1,1,10,2024-08-24,9,145,1305
1115,1,1,1,2024-07-12,5,210,1050
1116,4,11,10,2024-09-15,10,195,1950
1117,1,7,7,2024-10-30,10,223,2230
1118,1,6,7,2024-06-14,1,42,42
1119,2,6,5,2024-04-09,6,133,798
1120,2,1,2,2024-02-26,7,391,2737
1121,4,8,1,2024-01-03,10,455,4550
1122,2,9,9,2024-10-22,7,86,602
1123,4,5,10,2024-03-11,1,304,304
1124,3,1,2,2024-11-03,1,454,454
1125,2,8,6,2024-10-04,8,248,1984
1126,1,3,5,2024-08-18,8,386,3088
1127,2,2,10,2024-09-08,9,477,4293
1128,3,8,1,2024-10-15,10,110,1100
1129,2,10,5,2024-02-12,6,456,2736
1130,3,12,9,2024-11-29,5,41,205
1131,4,8,3,2024-05-23,6,314,1884
1132,1,12,2,2024-10-22,9,16,144
1133,4,4,2,2023-12-14,1,423,423
1134,1,7,3,2024-10-01,5,184,920
1135,1,7,7,2024-11-09,7,152,1064
1136,4,9,5,2024-04-16,3,47,141
1137,4,4,9,2024-05-22,10,309,3090
1138,3,9,2,2024-08-02,4,208,832
1139,4,2,7,2024-02-18,4,39,156
1140,4,4,9,2024-03-23,4,327,1308
1141,3,2,8,2024-02-10,6,455,2730
1142,4,12,4,2024-11-26,1,36,36
1143,4,11,4,2024-10-20,7,70,490
1144,1,12,4,2024-08-13,5,109,545
1145,4,10,4,2024-02-13,6,84,504
1146,2,7,10,2024-07-18,7,78,546
1147,3,9,7,2024-09-12,6,150,900
1148,2,4,10,2024-02-01,6,366,2196
1149,4,1,10,2023-12-28,4,282,1128
1150,2,5,4,2024-09-21,9,15,135
1151,3,11,1,2024-09-14,10,355,3550
1152,4,3,1,2024-08-10,7,237,1659
1153,4,12,8,2024-02-23,10,403,4030
1154,2,1,4,2024-09-21,2,85,170
1155,3,7,3,2024-03-17,5,416,2080
1156,4,5,6,2024-02-18,7,263,1841
1157,1,9,5,2024-07-15,1,432,432
1158,1,4,2,2024-06-02,8,119,952
1159,3,10,10,2024-11-27,9,89,801
1160,1,1,5,2024-05-13,10,51,510
1161,4,12,7,2024-06-25,10,259,2590
1162,1,1,1,2024-11-09,5,135,675
1163,4,2,8,2024-01-16,1,33,33
1164,1,3,4,2024-02-06,8,235,1880
1165,3,8,7,2024-04-11,10,274,2740
1166,1,2,5,2024-05-24,2,30,60
1167,2,6,2,2024-10-23,7,199,1393
1168,3,3,9,2024-04-13,5,430,2150
1169,3,11,4,2024-01-31,7,485,3395
1170,1,9,2,2024-02-25,6,57,342
1171,4,8,7,2024-12-04,1,436,436
1172,2,2,3,2024-09-30,8,408,3264
1173,1,11,9,2024-03-22,10,233,2330
1174,4,11,10,2024-10-29,2,362,724
1175,4,7,7,2024-08-12,1,258,258
1176,4,5,2,2024-06-24,8,281,2248
1177,2,3,9,2024-02-28,3,229,687
1178,2,5,9,2024-05-03,7,110,770
1179,1,8,4,2024-06-24,6,288,1728
1180,3,12,9,2024-08-18,9,300,2700
1181,2,10,6,2024-11-13,1,461,461
1182,2,7,10,2024-06-22,6,490,2940
1183,2,1,8,2024-02-02,3,151,453
1184,3,11,7,2024-01-21,8,262,2096
1185,1,1,3,2024-01-09,3,149,447
1186,1,7,3,2024-06-17,9,291,2619
1187,4,9,10,2024-02-04,8,235,1880
1188,1,3,2,2024-03-08,6,114,684
1189,3,8,5,2023-12-19,2,139,278
1190,3,2,5,2024-01-25,3,176,528
1191,1,3,7,2024-12-01,1,129,129
1192,1,9,5,2024-09-13,5,158,790
1193,1,11,5,2024-07-15,4,218,872
1194,4,4,2,2024-10-20,3,440,1320
1195,3,6,6,2024-04-23,7,368,2576
1196,3,8,3,2024-05-12,1,404,404
1197,1,8,4,2024-01-16,8,151,1208
1198,4,11,3,2024-03-18,4,393,1572
1199,1,7,3,2024-05-10,4,120,480
1200,3,5,4,2024-04-28,10,68,680
1201,3,2,1,2024-09-11,9,214,1926
1202,3,1,5,2024-02-05,8,458,3664
1203,2,2,4,2024-06-19,5,332,1660
1204,2,10,6,2024-07-25,6,295,1770
1205,4,12,4,2024-04-16,4,300,1200
1206,4,9,7,2024-05-16,1,143,143
1207,1,4,10,2024-03-28,10,343,3430
1208,3,6,1,2024-10-31,2,27,54
1209,4,6,9,2024-09-04,5,267,1335
1210,4,8,5,2024-01-20,8,487,3896
1211,1,9,9,2024-04-18,4,26,104
1212,1,11,7,2024-01-12,1,15,15
1213,2,9,2,2024-08-22,9,469,4221
1214,4,10,9,2024-09-11,7,124,868
1215,3,11,1,2024-01-02,5,151,755
1216,4,7,3,2024-02-29,1,231,231
1217,3,10,4,2024-08-08,7,318,2226
1218,2,5,6,2024-05-17,7,283,1981
1219,3,6,7,2024-03-02,1,352,352
1220,1,7,1,2024-02-26,1,118,118
1221,2,1,8,2024-10-08,4,61,244
1222,3,7,8,2024-07-27,4,411,1644
1223,1,12,5,2024-03-07,7,437,3059
1224,4,3,5,2024-06-10,7,331,2317
1225,4,6,10,2024-11-02,1,345,345
1226,4,12,7,2023-12-10,1,353,353
1227,4,4,9,2024-12-04,4,299,1196
1228,2,6,8,2024-08-27,9,348,3132
1229,1,7,6,2024-06-23,8,321,2568
1230,4,9,4,2024-08-20,3,406,1218
1231,2,4,10,2024-09-06,10,77,770
1232,1,10,10,2023-12-17,1,305,305
1233,3,1,3,2024-02-18,10,307,3070
1234,2,9,6,2024-02-05,3,60,180
1235,2,3,7,2023-12-07,7,232,1624
1236,3,2,10,2024-04-21,3,39,117
1237,3,3,10,2024-06-18,1,436,436
1238,4,7,7,2024-05-08,2,159,318
1239,2,3,8,2024-12-04,1,76,76
1240,4,9,1,2024-06-01,3,291,873
1241,3,6,10,2024-01-09,3,20,60
1242,4,6,8,2024-05-02,9,319,2871
1243,3,12,1,2024-07-27,8,233,1864
1244,3,12,3,2024-11-22,4,15,60
1245,3,5,5,2024-11-26,3,87,261
1246,3,7,3,2024-09-14,6,487,2922
1247,1,2,2,2024-10-17,9,489,4401
1248,1,7,3,2023-12-24,8,248,1984
1249,2,4,9,2024-01-10,6,492,2952
1250,1,10,6,2024-04-27,1,215,215
1251,2,11,4,2024-08-21,10,109,1090
1252,3,3,10,2024-05-02,3,188,564
1253,4,4,4,2024-03-10,2,357,714
1254,1,4,3,2024-09-12,8,408,3264
1255,3,5,3,2024-06-27,9,307,2763
1256,3,4,4,2024-03-10,6,207,1242
1257,4,12,7,2024-11-20,4,344,1376
1258,4,9,9,2024-10-26,7,298,2086
1259,3,2,7,2024-02-29,4,122,488
1260,2,12,10,2024-09-27,7,315,2205
1261,3,6,7,2024-09-18,8,49,392
1262,3,8,3,2024-08-07,7,279,1953
1263,2,6,1,2024-05-04,1,239,239
1264,4,8,5,2024-05-20,5,328,1640
1265,3,9,5,2024-05-27,8,85,680
1266,1,2,5,2024-09-04,7,213,1491
1267,3,7,1,2024-10-10,8,119,952
1268,3,4,9,2024-03-29,6,460,2760
1269,1,10,10,2024-11-17,6,319,1914
1270,1,1,2,2023-12-17,8,124,992
1271,1,10,9,2024-07-21,10,410,4100
1272,3,7,5,2024-01-07,4,417,1668
1273,1,4,2,2024-02-20,8,445,3560
1274,2,5,8,2024-04-01,8,429,3432
1275,4,3,8,2024-10-18,1,211,211
1276,4,11,6,2024-08-20,4,214,856
1277,1,8,5,2024-10-07,2,151,302
1278,3,1,7,2024-03-27,10,193,1930
1279,3,5,9,2024-09-20,6,199,1194
1280,1,10,3,2023-12-07,6,368,2208
1281,2,10,8,2024-01-29,7,497,3479
1282,2,8,6,2023-12-18,8,325,2600
1283,2,8,6,2024-08-21,7,153,1071
1284,2,2,1,2024-06-19,10,203,2030
1285,4,12,3,2024-09-29,6,395,2370
1286,1,4,4,2024-05-14,3,65,195
1287,3,4,7,2024-05-06,7,112,784
1288,3,4,5,2024-01-16,9,114,1026
1289,3,9,9,2024-10-25,5,493,2465
1290,3,11,7,2024-02-17,8,293,2344
1291,4,12,5,2024-01-02,5,287,1435
1292,1,4,8,2024-11-23,8,460,3680
1293,3,12,9,2024-09-24,5,57,285
1294,3,3,9,2024-11-30,5,51,255
1295,1,4,1,2024-01-27,2,340,680
1296,2,4,6,2024-08-25,3,352,1056
1297,1,4,2,2024-07-16,9,426,3834
1298,2,5,1,2024-05-14,4,78,312
1299,2,4,1,2024-09-13,6,21,126
1300,2,12,4,2024-06-08,7,10,70
1301,1,9,5,2024-12-05,10,296,2960
1302,1,7,8,2024-08-30,7,231,1617
1303,3,2,6,2024-02-25,2,433,866
1304,4,8,10,2024-04-03,3,80,240
1305,2,6,7,2024-04-07,1,441,441
1306,4,8,1,2024-01-21,1,299,299
1307,2,5,6,2024-01-31,4,237,948
1308,3,11,8,2024-05-24,7,265,1855
1309,1,6,2,2024-06-13,7,292,2044
1310,2,6,7,2023-12-25,4,394,1576
1311,3,11,3,2024-05-01,7,338,2366
1312,4,7,7,2024-08-02,1,204,204
1313,2,3,8,2024-06-02,2,294,588
1314,3,6,1,2024-05-28,9,239,2151
1315,4,5,5,2024-06-27,8,493,3944
1316,3,10,4,2024-11-09,4,331,1324
1317,4,9,3,2024-07-20,1,199,199
1318,3,2,4,2024-07-14,6,452,2712
1319,1,11,5,2024-07-17,10,350,3500
1320,4,11,7,2024-06-19,2,462,924
1321,2,7,3,2024-03-22,9,416,3744
1322,1,2,2,2024-01-06,5,97,485
1323,4,11,9,2024-06-11,5,201,1005
1324,3,7,9,2024-06-03,5,423,2115
1325,3,5,5,2024-03-31,8,365,2920
1326,2,10,6,2024-03-13,3,184,552
1327,3,11,4,2024-04-23,3,217,651
1328,4,9,10,2024-08-20,7,398,2786
1329,2,2,6,2024-03-22,5,183,915
1330,2,9,3,2024-08-02,9,355,3195
1331,4,5,2,2024-06-25,4,150,600
1332,1,1,7,2024-04-08,5,127,635
1333,4,2,10,2024-02-26,1,32,32
1334,3,7,3,2024-05-14,1,109,109
1335,2,1,1,2024-10-17,10,138,1380
1336,3,9,2,2024-10-24,7,16,112
1337,1,11,5,2024-07-28,7,469,3283
1338,2,9,7,2024-11-22,4,198,792
1339,2,8,8,2024-03-18,1,96,96
1340,3,3,5,2024-06-24,9,156,1404
1341,3,6,4,2023-12-25,1,154,154
1342,2,9,4,2024-10-21,6,146,876
1343,2,1,4,2024-01-29,8,315,2520
1344,2,5,9,2024-04-16,1,144,144
1345,3,6,3,2024-05-10,6,138,828
1346,2,4,5,2024-03-13,2,224,448
1347,2,12,1,2024-02-17,6,147,882
1348,1,5,3,2024-11-09,5,366,1830
1349,3,4,10,2024-09-26,4,471,1884
1350,2,2,1,2024-06-13,5,250,1250
1351,4,9,5,2024-11-29,10,48,480
1352,4,3,6,2024-01-08,7,252,1764
1353,4,12,2,2024-02-11,7,379,2653
1354,4,3,1,2024-11-10,2,151,302
1355,4,8,8,2024-01-04,6,56,336
1356,2,5,3,2024-01-10,3,183,549
1357,3,3,4,2024-02-05,10,85,850
1358,2,3,10,2024-11-03,3,101,303
1359,2,6,8,2024-03-05,8,90,720
1360,3,4,10,2024-04-06,2,234,468
1361,2,6,6,2024-11-23,6,294,1764
1362,2,4,6,2024-06-17,6,331,1986
1363,3,8,1,2023-12-22,5,232,1160
1364,2,2,9,2024-06-16,8,500,4000
1365,4,5,6,2024-07-28,3,105,315
1366,3,5,10,2024-09-13,7,242,1694
1367,4,11,3,2024-09-29,6,274,1644
1368,3,3,10,2023-12-22,1,28,28
1369,4,1,9,2023-12-08,1,457,457
1370,2,1,5,2024-06-05,9,63,567
1371,2,7,5,2024-10-11,7,45,315
1372,2,12,4,2024-11-13,2,398,796
1373,4,4,9,2024-03-04,6,210,1260
1374,2,4,1,2023-12-22,5,298,1490
1375,4,5,4,2023-12-18,10,287,2870
1376,3,7,7,2024-01-12,3,492,1476
1377,4,4,3,2024-07-01,4,368,1472
1378,1,5,3,2024-01-27,2,305,610
1379,2,7,6,2024-08-10,5,220,1100
1380,4,8,9,2024-11-07,7,318,2226
1381,1,3,10,2024-02-22,5,434,2170
1382,3,9,8,2024-04-13,5,359,1795
1383,3,1,8,2024-02-23,7,91,637
1384,3,7,8,2024-03-11,6,171,1026
1385,1,2,9,2024-09-03,8,321,2568
1386,2,8,10,2024-04-29,10,10,100
1387,4,11,6,2024-11-27,5,368,1840
1388,2,8,9,2024-03-21,5,95,475
1389,2,11,2,2024-10-19,7,154,1078
1390,1,2,8,2024-11-01,7,36,252
1391,4,8,9,2024-04-12,10,124,1240
1392,2,12,5,2024-05-31,8,408,3264
1393,1,8,8,2024-07-07,4,304,1216
1394,4,6,1,2024-10-06,7,353,2471
1395,2,11,7,2024-01-14,3,221,663
1396,1,6,9,2024-08-19,5,474,2370
1397,4,5,7,2024-01-13,7,21,147
1398,2,12,4,2024-01-27,1,446,446
1399,3,8,5,2023-12-26,9,51,459
1400,1,7,3,2024-02-16,9,171,1539
1401,4,10,4,2024-10-13,4,154,616
1402,3,9,5,2024-07-22,8,118,944
1403,1,5,2,2023-12-28,8,139,1112
1404,1,2,4,2024-11-17,10,494,4940
1405,2,10,8,2024-11-03,2,154,308
1406,2,2,5,2024-04-18,2,379,758
1407,2,2,9,2024-11-17,10,493,4930
1408,4,1,8,2024-09-01,5,301,1505
1409,1,2,4,2024-08-02,8,117,936
1410,2,12,5,2024-04-29,5,161,805
1411,4,4,6,2024-08-23,7,136,952
1412,2,8,3,2024-01-10,5,328,1640
1413,4,3,6,2024-03-21,3,463,1389
1414,4,2,3,2024-01-11,1,223,223
1415,4,12,2,2023-12-09,1,489,489
1416,4,11,2,2023-12-19,10,71,710
1417,4,6,3,2024-05-08,8,446,3568
1418,3,10,2,2024-05-21,5,346,1730
1419,2,11,3,2023-12-31,1,313,313
1420,4,2,8,2024-05-08,7,221,1547
1421,1,3,7,2024-05-21,8,437,3496
1422,4,2,1,2024-11-28,5,438,2190
1423,4,9,9,2024-01-27,9,430,3870
1424,3,8,1,2024-03-27,10,365,3650
1425,4,3,2,2024-08-27,5,77,385
1426,3,12,8,2024-02-28,2,98,196
1427,4,3,10,2024-07-28,1,381,381
1428,4,2,5,2024-05-10,2,85,170
1429,3,11,8,2024-10-06,5,398,1990
1430,3,1,7,2024-06-20,2,229,458
1431,4,3,10,2024-02-25,4,188,752
1432,4,6,3,2024-10-02,6,319,1914
1433,1,9,7,2024-03-05,7,287,2009
1434,4,12,2,2024-02-04,4,131,524
1435,1,9,9,2024-03-28,2,25,50
1436,2,2,4,2024-01-13,4,75,300
1437,1,6,1,2024-04-14,10,487,4870
1438,3,10,9,2024-11-06,1,381,381
1439,2,10,6,2024-04-08,5,461,2305
1440,1,9,10,2024-08-06,10,312,3120
1441,4,11,6,2023-12-07,6,361,2166
1442,1,6,4,2024-04-11,6,203,1218
1443,3,4,1,2024-09-30,4,137,548
1444,1,11,7,2024-08-23,8,373,2984
1445,3,9,1,2024-02-24,7,52,364
1446,2,3,10,2024-09-20,9,64,576
1447,1,4,9,2024-02-06,9,456,4104
1448,2,5,2,2024-09-03,10,471,4710
1449,3,9,3,2024-09-19,5,456,2280
1450,4,12,2,2024-02-05,2,456,912
1451,3,5,6,2024-11-22,2,348,696
1452,3,1,9,2024-05-23,5,268,1340
1453,2,4,2,2024-08-27,3,348,1044
1454,4,11,8,2024-10-30,1,430,430
1455,2,4,8,2024-06-28,1,99,99
1456,2,10,10,2024-01-26,3,127,381
1457,2,11,5,2023-12-10,2,477,954
1458,4,7,2,2024-08-01,7,215,1505
1459,4,9,8,2024-06-24,10,178,1780
1460,4,9,6,2024-02-06,9,104,936
1461,1,5,9,2024-05-28,10,33,330
1462,4,1,7,2024-01-23,5,257,1285
1463,3,12,4,2024-09-09,7,138,966
1464,1,6,9,2024-02-01,5,391,1955
1465,1,6,4,2024-11-24,9,30,270
1466,3,10,9,2024-10-18,1,483,483
1467,1,1,6,2024-06-07,2,220,440
1468,4,7,6,2024-07-31,6,365,2190
1469,1,12,1,2024-03-12,3,371,1113
1470,4,9,8,2024-05-05,2,195,390
1471,4,1,8,2024-10-28,10,463,4630
1472,1,6,2,2024-08-11,2,154,308
1473,2,7,4,2024-03-09,3,140,420
1474,3,6,1,2024-02-13,9,317,2853
1475,4,7,8,2024-09-10,8,297,2376
1476,1,10,4,2024-11-06,3,294,882
1477,4,4,7,2024-08-08,2,483,966
1478,1,4,4,2024-11-19,8,195,1560
1479,3,8,4,2024-02-28,9,420,3780
1480,1,9,4,2024-04-12,4,158,632
1481,1,1,4,2024-03-09,8,300,2400
1482,2,7,1,2024-08-19,3,269,807
1483,4,4,7,2024-05-24,1,334,334
1484,1,10,1,2024-09-21,9,406,3654
1485,4,8,2,2024-04-01,9,287,2583
1486,3,5,7,2024-03-04,2,352,704
1487,2,5,3,2024-05-10,3,167,501
1488,3,7,6,2024-10-21,7,118,826
1489,1,6,5,2024-02-22,7,474,3318
1490,3,11,1,2024-05-12,4,200,800
1491,3,5,5,2024-07-24,1,211,211
1492,4,8,5,2024-10-19,2,90,180
1493,3,3,4,2023-12-21,4,496,1984
1494,4,4,10,2024-03-29,4,265,1060
1495,4,4,5,2024-03-21,5,242,1210
1496,4,11,8,2024-05-19,5,367,1835
1497,2,12,6,2024-01-14,5,297,1485
1498,3,5,10,2024-01-26,2,203,406
1499,4,11,5,2024-05-15,8,29,232
1500,2,8,2,2024-09-17,6,168,1008
1501,3,4,4,2024-04-19,9,326,2934
1502,1,1,10,2024-10-08,10,240,2400
1503,4,7,6,2024-03-17,2,62,124
1504,1,1,4,2024-08-06,1,272,272
1505,4,12,8,2024-02-23,5,226,1130
1506,2,3,8,2024-07-21,3,71,213
1507,2,8,1,2024-04-18,8,266,2128
1508,4,6,10,2024-06-06,10,36,360
1509,2,1,9,2024-01-18,10,170,1700
1510,1,5,4,2024-07-26,4,74,296
1511,1,1,2,2024-10-13,6,417,2502
1512,2,5,10,2024-08-01,8,198,1584
1513,2,8,3,2024-11-20,2,423,846
1514,2,11,8,2023-12-19,10,367,3670
1515,4,6,1,2023-12-27,5,417,2085
1516,2,1,2,2024-03-04,10,308,3080
1517,3,12,2,2024-09-17,4,47,188
1518,1,9,1,2024-01-02,5,68,340
1519,1,5,8,2024-02-04,2,250,500
1520,3,12,5,2024-04-15,6,469,2814
1521,1,7,2,2024-01-07,9,354,3186
1522,4,6,1,2024-06-28,3,168,504
1523,2,6,4,2024-03-20,3,466,1398
1524,3,9,2,2024-01-12,8,15,120
1525,3,2,9,2024-04-08,2,168,336
1526,3,3,3,2024-05-28,1,243,243
1527,2,11,6,2024-06-11,8,143,1144
1528,1,2,3,2024-09-18,2,125,250
1529,2,3,7,2024-07-01,10,14,140
1530,3,2,2,2024-09-08,9,371,3339
1531,3,7,3,2024-09-04,3,138,414
1532,3,7,4,2024-08-23,6,131,786
1533,4,6,3,2024-10-11,5,33,165
1534,3,5,5,2024-03-25,8,452,3616
1535,1,2,9,2024-11-28,3,270,810
1536,3,12,10,2024-09-08,10,179,1790
1537,4,9,5,2024-11-04,6,75,450
1538,2,8,3,2024-08-27,10,300,3000
1539,1,7,6,2024-01-15,5,476,2380
1540,2,11,5,2024-04-21,5,455,2275
1541,3,6,8,2024-09-20,2,230,460
1542,4,12,1,2024-05-08,9,477,4293
1543,1,8,1,2024-04-17,8,471,3768
1544,1,6,2,2024-12-01,9,432,3888
1545,2,7,2,2024-04-29,3,151,453
1546,4,2,1,2024-05-16,5,235,1175
1547,3,7,7,2024-06-06,1,460,460
1548,3,5,4,2024-07-17,5,310,1550
1549,4,5,2,2023-12-14,2,388,776
1550,2,9,9,2024-09-25,6,73,438
1551,2,8,6,2024-04-17,10,451,4510
1552,2,5,8,2024-04-24,3,230,690
1553,2,5,2,2024-09-30,10,184,1840
1554,4,4,5,2024-02-25,9,496,4464
1555,1,8,9,2024-11-29,6,312,1872
1556,2,6,9,2024-09-02,3,470,1410
1557,1,7,9,2024-01-18,7,472,3304
1558,4,1,4,2024-02-07,10,345,3450
1559,2,5,6,2024-02-27,1,181,181
1560,4,5,6,2024-08-18,9,151,1359
1561,4,7,5,2024-10-24,2,120,240
1562,2,12,1,2024-03-05,4,28,112
1563,2,10,7,2024-04-08,4,484,1936
1564,1,3,7,2024-12-02,2,363,726
1565,4,2,10,2024-05-26,10,32,320
1566,2,4,2,2024-08-11,7,291,2037
1567,1,5,9,2024-04-20,9,113,1017
1568,1,11,8,2024-07-03,2,296,592
1569,2,7,3,2024-06-01,10,156,1560
1570,1,4,2,2024-01-06,9,491,4419
1571,4,1,9,2024-04-25,7,149,1043
1572,4,7,1,2024-08-14,1,334,334
1573,1,12,5,2024-02-09,10,114,1140
1574,2,10,9,2024-09-01,8,23,184
1575,1,6,4,2024-01-20,3,275,825
1576,1,12,3,2023-12-25,2,402,804
1577,2,9,6,2024-03-02,1,162,162
1578,3,3,1,2024-05-24,10,12,120
1579,1,2,3,2024-08-29,10,309,3090
1580,3,8,4,2023-12-28,7,324,2268
1581,3,9,8,2024-10-18,5,459,2295
1582,3,2,8,2024-01-19,6,208,1248
1583,1,1,9,2024-07-16,3,238,714
1584,3,10,2,2024-11-27,10,321,3210
1585,4,7,7,2024-07-27,3,330,990
1586,1,6,4,2024-06-22,6,405,2430
1587,4,4,1,2024-11-26,9,116,1044
1588,2,1,2,2024-09-16,7,332,2324
1589,3,12,7,2024-09-26,6,267,1602
1590,4,11,10,2024-02-22,5,410,2050
1591,1,1,4,2024-09-10,4,132,528
1592,1,12,6,2023-12-11,3,175,525
1593,1,4,7,2024-04-01,6,477,2862
1594,4,8,7,2024-10-24,2,19,38
1595,3,2,3,2024-08-16,1,131,131
1596,1,1,2,2024-10-01,3,265,795
1597,3,12,5,2024-04-30,10,384,3840
1598,1,5,2,2024-01-02,7,341,2387
1599,1,1,2,2024-04-28,10,99,990
1600,4,11,7,2024-02-20,4,72,288
1601,2,9,9,2024-07-26,5,461,2305
1602,2,10,3,2024-05-11,8,311,2488
1603,1,9,8,2024-01-27,7,407,2849
1604,4,8,3,2024-07-20,9,298,2682
1605,1,6,6,2024-05-21,7,452,3164
1606,1,8,8,2024-02-28,10,338,3380
1607,4,11,3,2024-07-03,4,385,1540
1608,4,12,6,2024-05-08,5,358,1790
1609,4,3,2,2024-01-16,8,179,1432
1610,2,7,3,2024-06-30,7,181,1267
1611,4,8,2,2024-05-30,1,275,275
1612,4,8,5,2024-10-25,3,56,168
1613,3,9,7,2024-06-25,10,409,4090
1614,2,5,8,2024-07-26,6,433,2598
1615,1,1,5,2024-08-12,6,484,2904
1616,4,12,7,2023-12-11,10,300,3000
1617,1,11,5,2024-07-22,2,124,248
1618,4,10,7,2024-04-28,4,237,948
1619,2,11,7,2024-11-11,3,304,912
1620,3,12,2,2024-09-15,10,352,3520
1621,1,3,7,2024-01-27,2,195,390
1622,3,12,10,2024-05-01,3,437,1311
1623,3,11,7,2024-11-20,5,12,60
1624,4,2,9,2024-06-09,5,59,295
1625,4,1,3,2024-02-20,10,154,1540
1626,1,3,1,2024-05-04,3,496,1488
1627,3,3,2,2024-06-16,1,87,87
1628,4,11,2,2024-06-16,8,146,1168
1629,3,10,4,2024-09-04,7,144,1008
1630,3,6,2,2024-04-25,8,28,224
1631,2,10,7,2024-04-11,8,493,3944
1632,4,2,2,2024-06-26,3,284,852
1633,3,7,8,2024-06-28,7,367,2569
1634,2,5,6,2024-04-09,7,173,1211
1635,2,6,3,2024-10-02,1,150,150
1636,3,9,1,2024-04-28,2,202,404
1637,3,3,5,2024-02-14,1,458,458
1638,1,6,4,2024-07-25,7,279,1953
1639,3,5,2,2024-10-14,2,15,30
1640,1,7,7,2024-02-13,3,173,519
1641,4,9,9,2023-12-27,2,344,688
1642,1,2,5,2024-04-26,4,458,1832
1643,1,7,5,2024-08-31,1,289,289
1644,2,11,5,2024-05-19,1,238,238
1645,3,2,2,2024-08-31,9,293,2637
1646,1,1,1,2024-10-04,8,204,1632
1647,3,3,6,2023-12-27,7,161,1127
1648,3,9,4,2024-08-29,3,57,171
1649,2,11,7,2024-04-10,1,331,331
1650,1,9,7,2024-09-13,6,404,2424
1651,2,4,8,2024-02-29,2,321,642
1652,3,4,8,2024-02-15,6,296,1776
1653,2,11,1,2024-04-13,9,54,486
1654,2,1,4,2024-09-24,4,410,1640
1655,2,3,8,2024-07-25,2,26,52
1656,4,1,9,2024-07-20,8,46,368
1657,2,3,6,2024-01-19,5,445,2225
1658,1,1,10,2024-03-11,9,366,3294
1659,2,3,1,2024-01-09,5,217,1085
1660,4,7,5,2024-04-09,4,301,1204
1661,1,6,10,2024-04-05,10,394,3940
1662,2,6,2,2024-02-23,2,435,870
1663,3,7,2,2024-11-18,9,359,3231
1664,4,6,8,2024-09-26,1,485,485
1665,2,5,1,2024-11-25,10,333,3330
1666,3,11,3,2024-03-09,4,409,1636
1667,1,1,8,2024-10-18,5,241,1205
1668,1,7,3,2024-03-25,2,454,908
1669,3,5,10,2024-09-14,4,44,176
1670,2,4,9,2024-11-19,10,404,4040
1671,3,3,9,2024-05-31,10,352,3520
1672,2,2,8,2024-05-31,1,446,446
1673,2,8,10,2024-08-19,8,70,560
1674,3,1,1,2024-05-31,1,427,427
1675,3,9,2,2024-10-23,2,264,528
1676,3,9,7,2024-10-25,5,261,1305
1677,1,2,5,2024-04-10,9,398,3582
1678,2,2,3,2024-08-16,4,216,864
1679,4,8,4,2024-10-01,7,359,2513
1680,2,9,3,2024-11-26,10,390,3900
1681,4,3,1,2024-05-07,10,305,3050
1682,3,10,9,2024-02-27,10,298,2980
1683,2,6,4,2024-06-17,2,304,608
1684,3,2,3,2024-10-04,5,52,260
1685,2,11,2,2024-04-18,6,20,120
1686,1,10,3,2024-02-22,4,444,1776
1687,2,4,8,2024-07-07,5,181,905
1688,1,7,1,2024-10-22,6,172,1032
1689,2,10,9,2024-08-11,3,247,741
1690,1,1,10,2023-12-09,4,177,708
1691,2,8,4,2024-08-29,4,66,264
1692,2,2,8,2024-10-04,9,466,4194
1693,3,11,8,2024-09-07,10,258,2580
1694,3,8,6,2024-10-02,9,40,360
1695,2,10,1,2024-03-07,7,93,651
1696,3,6,7,2024-07-24,6,38,228
1697,4,7,3,2024-11-13,10,111,1110
1698,3,3,9,2023-12-08,6,437,2622
1699,4,12,9,2024-03-12,6,178,1068
1700,3,1,3,2024-08-28,3,277,831
1701,4,1,6,2024-08-05,5,116,580
1702,4,5,6,2024-02-29,10,205,2050
1703,1,4,6,2023-12-08,9,280,2520
1704,2,9,6,2024-02-11,4,464,1856
1705,1,10,8,2024-10-01,7,137,959
1706,3,3,2,2023-12-31,2,428,856
1707,3,9,1,2023-12-09,2,353,706
1708,2,11,10,2024-11-07,8,84,672
1709,4,1,10,2023-12-22,10,216,2160
1710,1,2,8,2024-11-09,3,179,537
1711,1,6,1,2023-12-24,7,460,3220
1712,3,12,8,2024-10-23,8,264,2112
1713,4,12,5,2024-09-05,9,253,2277
1714,2,1,6,2024-07-04,3,358,1074
1715,2,9,7,2024-07-01,2,116,232
1716,3,4,9,2023-12-27,3,199,597
1717,3,1,10,2024-11-19,8,288,2304
1718,4,4,10,2024-06-08,6,135,810
1719,3,5,7,2024-11-05,8,433,3464
1720,1,11,3,2024-04-06,10,475,4750
1721,3,2,8,2024-03-22,3,459,1377
1722,1,10,10,2024-05-05,8,326,2608
1723,1,11,2,2023-12-16,1,20,20
1724,3,9,10,2024-02-07,4,144,576
1725,1,7,5,2024-12-06,4,145,580
1726,3,3,2,2024-03-11,1,446,446
1727,1,7,6,2024-06-20,5,389,1945
1728,3,2,2,2024-04-27,9,104,936
1729,4,6,4,2024-11-06,8,202,1616
1730,4,11,8,2024-05-11,5,473,2365
1731,3,8,8,2024-07-08,1,232,232
1732,1,10,4,2024-10-28,3,177,531
1733,1,6,8,2024-02-05,3,331,993
1734,2,3,7,2024-11-10,1,495,495
1735,3,8,8,2024-06-21,2,345,690
1736,1,10,1,2024-04-04,8,53,424
1737,3,7,4,2024-05-18,3,75,225
1738,1,4,2,2024-02-11,3,107,321
1739,4,8,9,2024-03-01,1,150,150
1740,3,8,7,2024-04-27,1,280,280
1741,4,9,1,2024-09-22,4,129,516
1742,1,8,4,2024-08-14,6,77,462
1743,2,4,1,2024-02-29,1,425,425
1744,3,1,6,2024-03-23,7,94,658
1745,3,6,5,2024-08-28,5,212,1060
1746,2,6,8,2024-09-13,8,109,872
1747,4,5,10,2023-12-16,7,194,1358
1748,1,8,10,2024-10-14,7,328,2296
1749,3,5,8,2024-11-05,3,419,1257
1750,2,5,2,2023-12-25,1,207,207
1751,4,12,4,2024-06-15,2,268,536
1752,1,5,8,2024-03-07,1,270,270
1753,4,5,9,2024-03-21,7,460,3220
1754,1,9,10,2024-07-23,3,162,486
1755,1,7,2,2024-10-06,3,304,912
1756,3,5,6,2024-11-16,8,63,504
1757,1,8,4,2024-07-15,2,317,634
1758,4,7,9,2024-02-28,2,162,324
1759,3,10,8,2024-10-04,7,403,2821
1760,1,2,3,2024-03-17,3,420,1260
1761,4,10,10,2023-12-26,1,380,380
1762,3,1,5,2023-12-24,3,435,1305
1763,1,12,7,2024-12-06,3,367,1101
1764,1,11,1,2024-04-16,1,360,360
1765,3,5,4,2024-09-14,2,366,732
1766,4,6,1,2024-01-02,3,491,1473
1767,3,6,9,2024-05-21,5,463,2315
1768,4,7,9,2024-10-16,2,43,86
1769,3,4,10,2024-05-13,9,205,1845
1770,4,4,3,2024-07-20,4,235,940
1771,2,3,5,2024-07-14,9,171,1539
1772,1,7,9,2024-12-01,4,252,1008
1773,3,3,4,2024-05-22,1,51,51
1774,1,9,8,2024-04-06,10,345,3450
1775,1,6,2,2023-12-16,1,23,23
1776,2,6,5,2024-04-21,3,75,225
1777,4,4,2,2024-01-08,5,185,925
1778,3,3,6,2023-12-09,4,300,1200
1779,1,11,7,2024-11-05,6,491,2946
1780,1,5,3,2024-11-05,9,155,1395
1781,1,2,5,2024-08-06,10,239,2390
1782,3,8,5,2024-04-05,9,249,2241
1783,2,7,6,2024-02-20,9,20,180
1784,4,2,5,2024-10-15,8,77,616
1785,4,10,8,2023-12-27,4,20,80
1786,4,11,9,2024-02-05,1,468,468
1787,2,7,8,2024-01-15,5,290,1450
1788,3,6,2,2024-12-02,9,42,378
1789,1,5,5,2024-07-17,5,318,1590
1790,4,8,6,2024-10-31,10,263,2630
1791,3,2,4,2024-02-27,10,251,2510
1792,4,9,3,2024-04-01,2,209,418
1793,2,2,8,2024-01-08,2,200,400
1794,4,4,7,2024-04-25,9,263,2367
1795,2,5,5,2024-09-22,3,298,894
1796,4,11,9,2024-05-14,6,81,486
1797,2,2,5,2024-08-10,2,101,202
1798,1,10,8,2024-11-20,2,376,752
1799,3,5,8,2024-09-20,4,143,572
1800,2,5,2,2024-07-03,7,260,1820
1801,1,7,4,2024-04-09,7,475,3325
1802,4,5,5,2023-12-15,1,203,203
1803,2,9,3,2024-11-11,6,446,2676
1804,4,5,2,2024-07-26,3,242,726
1805,2,10,10,2024-11-01,10,30,300
1806,2,4,5,2024-03-02,4,325,1300
1807,3,8,8,2023-12-19,7,147,1029
1808,4,5,1,2024-02-26,1,157,157
1809,2,10,9,2024-04-28,5,113,565
1810,3,12,5,2024-07-02,1,176,176
1811,4,2,9,2024-11-05,9,148,1332
1812,3,8,3,2024-04-13,7,430,3010
1813,3,12,3,2024-05-09,10,170,1700
1814,3,8,10,2024-09-01,3,197,591
1815,3,11,9,2024-03-10,2,271,542
1816,3,11,4,2024-06-01,5,230,1150
1817,1,5,4,2024-09-22,2,492,984
1818,3,5,5,2024-09-03,2,422,844
1819,3,4,4,2024-05-29,1,43,43
1820,2,2,5,2024-02-28,5,144,720
1821,4,11,9,2024-08-25,1,386,386
1822,4,3,5,2024-08-01,9,470,4230
1823,1,12,6,2024-05-22,2,20,40
1824,2,8,5,2024-02-09,1,366,366
1825,3,7,1,2023-12-28,8,462,3696
1826,3,1,4,2024-03-18,7,348,2436
1827,3,8,8,2024-02-07,7,126,882
1828,4,7,5,2024-10-29,8,58,464
1829,3,4,2,2024-06-29,3,21,63
1830,4,11,3,2024-01-05,7,269,1883
1831,1,4,7,2024-08-29,6,497,2982
1832,4,1,3,2024-07-11,1,312,312
1833,2,7,9,2024-01-25,3,29,87
1834,3,9,7,2024-11-24,10,419,4190
1835,1,9,8,2024-08-12,1,132,132
1836,4,10,3,2024-06-11,6,355,2130
1837,3,4,8,2024-05-16,3,483,1449
1838,1,1,3,2024-01-21,3,271,813
1839,1,5,10,2024-04-04,7,252,1764
1840,3,8,2,2024-08-03,6,500,3000
1841,4,11,9,2024-10-23,3,127,381
1842,1,5,3,2024-07-23,2,357,714
1843,2,7,7,2024-09-10,6,452,2712
1844,2,10,6,2024-08-13,4,263,1052
1845,3,6,4,2024-11-16,4,116,464
1846,1,7,8,2024-04-22,5,188,940
1847,2,9,2,2024-11-16,2,40,80
1848,1,11,4,2023-12-12,4,151,604
1849,3,2,2,2024-11-12,10,200,2000
1850,3,6,3,2024-10-20,3,291,873
1851,1,7,9,2024-06-16,10,391,3910
1852,1,7,9,2024-07-09,8,332,2656
1853,2,8,8,2024-01-26,10,51,510
1854,2,12,8,2024-03-31,7,292,2044
1855,1,4,4,2024-05-26,8,455,3640
1856,1,5,7,2024-02-21,10,469,4690
1857,2,9,1,2024-06-27,10,69,690
1858,2,7,4,2024-01-22,9,361,3249
1859,3,1,10,2024-09-10,1,132,132
1860,1,11,9,2024-10-22,6,153,918
1861,4,4,8,2024-04-09,6,487,2922
1862,4,11,4,2024-11-17,2,109,218
1863,1,9,9,2023-12-10,6,369,2214
1864,1,5,8,2024-11-18,2,154,308
1865,2,1,10,2024-03-26,4,455,1820
1866,4,1,6,2024-05-25,2,335,670
1867,2,5,10,2024-11-08,1,235,235
1868,2,11,8,2024-05-21,5,44,220
1869,4,1,4,2024-11-27,7,143,1001
1870,2,2,8,2023-12-10,6,261,1566
1871,1,9,5,2024-01-08,6,472,2832
1872,3,10,1,2024-09-09,1,404,404
1873,1,5,5,2024-10-16,4,182,728
1874,3,11,6,2024-11-25,3,242,726
1875,2,1,2,2024-03-24,5,247,1235
1876,4,4,10,2024-05-24,2,42,84
1877,4,7,10,2024-04-30,9,304,2736
1878,4,1,2,2024-05-08,9,461,4149
1879,4,7,7,2024-06-28,1,304,304
1880,1,11,9,2024-12-06,6,409,2454
1881,3,12,3,2024-04-30,6,444,2664
1882,3,5,9,2024-05-19,6,460,2760
1883,1,7,9,2024-10-24,8,199,1592
1884,3,3,1,2024-10-07,7,131,917
1885,2,2,4,2024-04-22,7,452,3164
1886,1,6,9,2024-07-08,7,126,882
1887,1,10,1,2024-11-21,3,278,834
1888,2,12,7,2024-08-26,10,321,3210
1889,1,1,8,2024-04-12,1,314,314
1890,3,11,3,2024-03-01,7,287,2009
1891,2,1,6,2024-08-03,5,238,1190
1892,4,2,6,2024-03-09,5,98,490
1893,4,12,7,2024-10-18,8,414,3312
1894,4,6,3,2024-01-20,8,102,816
1895,4,9,10,2024-10-15,9,454,4086
1896,2,3,10,2024-02-04,5,167,835
1897,2,2,3,2024-02-26,4,358,1432
1898,3,12,1,2024-09-16,4,126,504
1899,3,11,5,2024-08-05,6,423,2538
1900,3,9,9,2024-04-24,2,333,666
1901,3,2,6,2024-11-02,3,247,741
1902,4,5,7,2024-01-14,10,413,4130
1903,4,9,2,2024-04-27,8,257,2056
1904,1,1,7,2024-07-14,7,250,1750
1905,4,3,7,2024-02-28,8,382,3056
1906,1,6,3,2024-03-22,6,81,486
1907,4,6,7,2024-07-30,2,127,254
1908,1,3,7,2024-02-22,8,19,152
1909,1,10,5,2024-04-03,7,213,1491
1910,2,10,4,2024-07-14,4,191,764
1911,2,4,2,2024-02-17,1,137,137
1912,1,1,2,2024-01-10,8,321,2568
1913,1,7,3,2024-04-12,6,275,1650
1914,3,6,8,2024-01-23,7,45,315
1915,1,4,1,2024-06-16,7,177,1239
1916,2,1,2,2024-10-29,9,274,2466
1917,3,5,2,2024-09-11,2,118,236
1918,3,5,3,2024-04-11,8,246,1968
1919,3,4,6,2024-04-25,8,261,2088
1920,2,11,8,2024-04-05,8,294,2352
1921,2,9,9,2024-07-06,3,195,585
1922,4,2,5,2024-04-03,3,249,747
1923,2,11,8,2024-05-26,5,189,945
1924,2,2,5,2024-04-08,1,329,329
1925,1,9,2,2024-04-27,5,273,1365
1926,3,4,2,2024-08-16,2,151,302
1927,3,11,7,2024-10-25,1,157,157
1928,2,2,10,2024-01-07,5,380,1900
1929,3,5,10,2024-02-08,1,130,130
1930,2,8,10,2024-05-14,6,400,2400
1931,4,3,8,2024-07-09,4,30,120
1932,3,4,8,2024-11-16,1,411,411
1933,1,2,5,2023-12-16,9,339,3051
1934,2,10,1,2024-10-04,10,35,350
1935,1,9,4,2024-04-26,10,69,690
1936,3,11,6,2024-08-13,7,437,3059
1937,2,11,10,2024-09-11,3,54,162
1938,1,4,1,2023-12-17,3,287,861
1939,3,6,4,2024-08-28,10,110,1100
1940,3,1,8,2024-09-27,5,54,270
1941,3,8,4,2024-04-12,9,400,3600
1942,3,6,7,2024-03-18,5,489,2445
1943,4,10,9,2024-01-11,2,349,698
1944,2,3,2,2024-07-09,9,220,1980
1945,2,8,3,2024-03-20,2,370,740
1946,4,8,4,2024-04-04,6,200,1200
1947,3,1,8,2024-01-31,2,145,290
1948,2,2,4,2024-06-13,9,197,1773
1949,1,1,1,2024-10-21,2,459,918
1950,4,10,1,2024-03-26,3,394,1182
1951,2,3,5,2024-02-19,9,154,1386
1952,4,4,8,2023-12-29,7,345,2415
1953,1,2,9,2024-04-08,6,76,456
1954,2,9,7,2024-07-31,1,150,150
1955,2,7,4,2024-09-21,10,168,1680
1956,3,2,6,2024-10-02,8,308,2464
1957,3,8,5,2024-03-31,4,250,1000
1958,3,2,4,2024-03-08,6,373,2238
1959,3,10,10,2024-07-31,8,233,1864
1960,3,10,3,2023-12-30,10,119,1190
1961,2,5,7,2024-06-02,10,274,2740
1962,1,8,3,2023-12-17,10,379,3790
1963,1,1,10,2024-08-01,7,198,1386
1964,3,3,5,2024-08-10,9,414,3726
1965,3,3,10,2024-06-08,8,340,2720
1966,4,5,2,2024-06-25,3,131,393
1967,1,3,10,2023-12-14,6,202,1212
1968,1,4,2,2024-06-20,8,75,600
1969,1,4,4,2024-05-20,3,53,159
1970,4,2,3,2023-12-11,8,484,3872
1971,2,10,7,2024-06-20,8,418,3344
1972,4,10,7,2024-01-09,10,465,4650
1973,1,11,5,2024-06-09,5,132,660
1974,1,11,2,2024-06-09,5,15,75
1975,3,7,2,2023-12-13,1,371,371
1976,1,5,3,2024-03-08,10,11,110
1977,1,11,1,2024-07-03,5,269,1345
1978,1,6,6,2024-06-18,8,471,3768
1979,3,4,9,2024-08-06,6,265,1590
1980,4,12,9,2024-04-25,3,266,798
1981,3,7,5,2024-10-05,5,262,1310
1982,1,7,10,2024-01-09,2,187,374
1983,1,8,1,2024-09-27,2,331,662
1984,3,4,10,2024-08-11,3,427,1281
1985,3,1,3,2024-01-04,10,38,380
1986,3,5,3,2024-02-16,8,327,2616
1987,1,7,10,2024-07-22,6,349,2094
1988,2,10,1,2024-03-07,3,141,423
1989,4,7,9,2024-09-27,5,15,75
1990,2,9,6,2024-08-23,5,244,1220
1991,1,11,9,2024-06-17,7,372,2604
1992,4,3,3,2024-01-14,6,277,1662
1993,3,2,7,2024-07-21,9,157,1413
1994,3,4,9,2024-09-10,5,461,2305
1995,1,11,2,2024-05-26,1,179,179
1996,1,1,1,2024-03-10,3,227,681
1997,1,3,8,2024-08-03,3,259,777
1998,4,12,2,2024-08-26,10,102,1020
1999,4,12,6,2024-08-25,9,220,1980
2000,1,4,8,2024-10-20,8,491,3928
2001,4,2,8,2024-05-28,7,271,1897
2002,4,4,5,2023-12-30,9,45,405
2003,4,4,8,2024-07-25,1,405,405
2004,2,5,5,2024-10-30,8,487,3896
2005,4,1,4,2024-06-25,9,468,4212
2006,3,11,8,2024-05-03,9,414,3726
2007,4,10,9,2024-01-30,2,471,942
2008,2,3,4,2024-02-02,5,266,1330
2009,2,5,1,2024-08-19,1,257,257
2010,1,7,9,2024-02-05,4,23,92
2011,1,12,10,2024-05-05,7,159,1113
2012,4,12,3,2024-06-24,3,225,675
2013,4,10,9,2024-03-15,8,396,3168
2014,3,9,6,2024-11-04,1,154,154
2015,1,3,1,2024-05-10,8,360,2880
2016,2,7,5,2024-10-22,10,331,3310
2017,2,7,1,2024-01-01,1,194,194
2018,3,1,1,2024-10-19,4,70,280
2019,2,11,10,2024-06-16,3,66,198
2020,2,8,7,2024-11-12,3,153,459
2021,2,1,5,2024-04-04,8,84,672
2022,1,1,9,2024-10-28,1,480,480
2023,1,10,7,2024-11-16,2,359,718
2024,4,3,5,2024-06-24,6,93,558
2025,3,4,1,2024-03-17,4,311,1244
2026,4,9,3,2024-04-12,2,13,26
2027,1,6,9,2023-12-09,8,118,944
2028,2,11,4,2024-05-03,8,411,3288
2029,2,12,2,2024-02-10,5,305,1525
2030,2,8,9,2024-06-13,3,256,768
2031,4,5,8,2024-03-04,5,320,1600
2032,1,8,7,2024-02-19,6,78,468
2033,2,9,5,2024-06-24,10,97,970
2034,4,12,4,2024-05-26,10,49,490
2035,1,2,3,2024-06-06,4,125,500
2036,1,1,2,2024-04-28,1,316,316
2037,4,6,4,2024-05-16,2,367,734
2038,2,1,3,2024-10-25,9,263,2367
2039,3,12,10,2023-12-09,1,371,371
2040,1,3,5,2024-10-19,9,325,2925
2041,2,3,8,2024-08-31,4,162,648
2042,2,11,2,2023-12-09,8,279,2232
2043,3,12,1,2024-02-10,10,394,3940
2044,2,9,9,2024-01-31,8,27,216
2045,4,9,9,2024-05-17,4,264,1056
2046,1,8,10,2023-12-18,5,41,205
2047,4,4,2,2024-02-19,5,70,350
2048,4,6,4,2024-04-02,8,287,2296
2049,3,1,8,2024-11-24,4,81,324
2050,2,3,10,2024-08-22,1,252,252
2051,3,5,6,2024-01-19,9,244,2196
2052,4,12,3,2024-03-22,8,323,2584
2053,1,12,9,2024-07-02,3,277,831
2054,4,7,6,2024-07-28,8,158,1264
2055,1,9,8,2024-07-25,4,116,464
2056,3,8,9,2023-12-10,4,489,1956
2057,1,4,9,2024-08-09,6,198,1188
2058,2,4,3,2024-02-20,5,171,855
2059,1,11,6,2024-05-29,2,492,984
2060,2,11,10,2024-02-17,1,499,499
2061,2,9,1,2024-06-30,1,156,156
2062,2,6,10,2024-10-16,5,170,850
2063,3,2,10,2024-09-27,10,306,3060
2064,4,8,9,2024-02-07,6,469,2814
2065,4,7,8,2024-11-10,3,68,204
2066,2,7,4,2024-09-29,6,129,774
2067,3,12,3,2024-09-08,10,218,2180
2068,4,1,3,2024-08-12,9,233,2097
2069,3,3,5,2023-12-29,4,73,292
2070,3,4,2,2024-10-28,1,352,352
2071,1,4,5,2024-01-12,4,437,1748
2072,3,2,9,2024-07-13,4,73,292
2073,1,9,3,2024-06-24,8,19,152
2074,3,8,1,2024-04-10,2,126,252
2075,1,9,8,2024-06-28,6,419,2514
2076,1,1,9,2024-09-07,4,495,1980
2077,4,7,8,2024-08-16,4,212,848
2078,1,10,9,2024-12-04,5,46,230
2079,2,8,9,2024-06-11,6,289,1734
2080,2,10,8,2024-08-19,3,67,201
2081,2,10,5,2024-10-22,5,176,880
2082,3,9,3,2024-10-08,9,433,3897
2083,1,9,2,2024-01-22,7,245,1715
2084,4,4,8,2024-05-09,3,495,1485
2085,3,1,7,2024-10-19,10,126,1260
2086,3,6,7,2024-09-13,1,468,468
2087,1,11,9,2024-04-23,9,345,3105
2088,2,3,2,2024-11-25,6,172,1032
2089,2,10,7,2024-11-17,3,388,1164
2090,2,3,5,2024-04-30,1,94,94
2091,4,4,9,2024-05-12,5,254,1270
2092,2,11,7,2024-01-15,8,488,3904
2093,2,8,6,2024-03-06,8,107,856
2094,3,7,9,2024-04-14,4,85,340
2095,3,7,8,2024-06-10,6,330,1980
2096,1,2,5,2024-07-07,2,467,934
2097,2,11,1,2024-01-09,6,227,1362
2098,2,6,4,2024-03-24,4,149,596
2099,4,7,10,2024-01-12,10,338,3380
2100,1,2,9,2024-07-10,3,417,1251
2101,1,11,10,2024-06-21,5,118,590
2102,4,12,8,2024-04-04,8,65,520
2103,2,8,9,2024-09-22,10,433,4330
2104,1,11,1,2024-11-30,2,178,356
2105,2,1,8,2024-10-19,3,497,1491
2106,2,12,2,2024-01-24,9,380,3420
2107,2,1,8,2024-08-07,5,486,2430
2108,2,5,5,2024-06-15,8,305,2440
2109,2,12,3,2024-05-01,7,12,84
2110,1,10,1,2024-12-05,2,254,508
2111,4,9,7,2024-04-03,5,410,2050
2112,1,3,10,2024-09-12,7,437,3059
2113,1,3,10,2024-11-30,9,94,846
2114,4,7,3,2024-02-28,5,20,100
2115,3,3,2,2024-04-28,1,204,204
2116,1,7,8,2024-01-01,4,412,1648
2117,2,8,5,2024-05-21,3,404,1212
2118,2,2,10,2024-05-03,8,358,2864
2119,2,3,7,2024-03-27,3,110,330
2120,2,3,7,2024-01-25,2,408,816
2121,3,6,9,2024-08-17,4,132,528
2122,3,2,10,2023-12-17,7,237,1659
2123,1,4,10,2024-01-15,7,39,273
2124,1,6,2,2024-04-03,4,329,1316
2125,4,8,3,2024-07-23,8,247,1976
2126,2,4,3,2024-05-11,4,158,632
2127,1,9,5,2024-05-14,4,291,1164
2128,4,4,6,2024-12-03,10,13,130
2129,2,10,6,2024-07-31,9,127,1143
2130,4,2,7,2024-01-26,9,384,3456
2131,3,7,8,2024-02-11,5,154,770
2132,3,5,2,2024-07-15,2,462,924
2133,1,10,7,2023-12-26,3,65,195
2134,1,5,10,2024-02-08,6,13,78
2135,1,7,5,2024-08-21,6,217,1302
2136,3,5,3,2023-12-09,2,447,894
2137,2,7,5,2024-03-20,8,11,88
2138,3,8,3,2024-10-02,10,374,3740
2139,2,5,10,2024-04-25,2,397,794
2140,3,9,2,2024-09-21,5,344,1720
2141,2,7,2,2023-12-07,9,314,2826
2142,1,4,5,2024-05-14,7,218,1526
2143,1,6,7,2023-12-18,6,193,1158
2144,4,4,8,2024-05-14,5,152,760
2145,4,6,3,2024-10-29,2,85,170
2146,4,11,5,2024-04-07,7,284,1988
2147,2,1,6,2024-10-08,5,49,245
2148,4,8,4,2024-02-06,1,371,371
2149,2,7,10,2023-12-24,9,184,1656
2150,3,11,6,2023-12-26,4,21,84
2151,1,3,3,2024-10-23,7,131,917
2152,3,7,1,2024-01-02,9,230,2070
2153,4,8,1,2024-11-25,2,203,406
2154,1,4,9,2024-11-13,10,137,1370
2155,4,4,4,2024-02-24,1,335,335
2156,4,2,7,2024-01-30,8,414,3312
2157,2,7,2,2024-09-14,9,80,720
2158,3,2,6,2024-10-15,2,397,794
2159,1,3,6,2024-01-18,3,141,423
2160,4,2,4,2024-01-24,8,288,2304
2161,2,3,10,2024-06-07,4,323,1292
2162,4,6,7,2024-10-27,1,30,30
2163,2,3,2,2024-01-31,1,141,141
2164,3,10,1,2024-01-11,2,165,330
2165,4,11,5,2024-02-21,4,349,1396
2166,4,8,9,2024-05-10,4,108,432
2167,1,4,8,2024-04-09,9,163,1467
2168,1,3,9,2024-07-29,6,379,2274
2169,2,8,2,2024-04-11,10,325,3250
2170,2,9,1,2024-08-23,8,84,672
2171,4,4,4,2024-08-02,9,291,2619
2172,4,3,4,2024-03-04,3,177,531
2173,4,5,4,2024-10-28,5,456,2280
2174,1,7,8,2024-01-15,2,69,138
2175,2,5,10,2024-11-17,7,361,2527
2176,2,2,3,2024-09-18,3,295,885
2177,4,9,9,2024-11-16,3,296,888
2178,4,7,7,2024-06-04,2,468,936
2179,1,10,9,2024-01-17,10,435,4350
2180,2,3,5,2024-09-19,6,32,192
2181,3,12,2,2024-07-06,1,21,21
2182,3,8,8,2024-03-09,4,244,976
2183,3,2,1,2024-03-17,3,43,129
2184,1,6,8,2024-04-02,7,307,2149
2185,2,11,5,2024-09-28,2,430,860
2186,4,11,4,2024-03-16,5,235,1175
2187,1,1,8,2024-06-08,6,231,1386
2188,4,3,4,2024-05-01,6,186,1116
2189,3,5,2,2024-11-01,2,366,732
2190,4,12,2,2024-04-17,2,74,148
2191,1,3,7,2024-08-21,4,184,736
2192,2,2,3,2024-08-11,6,176,1056
2193,4,12,2,2024-03-04,2,258,516
2194,2,6,8,2024-05-28,3,389,1167
2195,3,6,3,2024-03-22,8,297,2376
2196,1,10,2,2024-09-13,6,373,2238
2197,3,10,9,2024-05-06,1,283,283
2198,3,5,6,2024-01-12,5,337,1685
2199,1,11,3,2024-08-14,4,436,1744
2200,1,3,7,2024-09-29,8,91,728
2201,1,11,3,2024-11-15,7,272,1904
2202,3,10,10,2024-01-05,8,341,2728
2203,2,9,10,2024-08-28,1,82,82
2204,4,10,4,2024-07-26,3,47,141
2205,3,12,2,2024-08-30,8,279,2232
2206,1,6,6,2024-06-06,9,65,585
2207,4,3,7,2024-10-09,1,456,456
2208,3,6,8,2024-01-01,3,385,1155
2209,4,3,5,2024-10-28,7,477,3339
2210,4,1,4,2024-11-24,9,413,3717
2211,2,7,9,2024-11-02,9,352,3168
2212,3,8,9,2024-12-01,8,224,1792
2213,3,2,4,2024-10-22,4,356,1424
2214,1,5,1,2024-01-20,5,417,2085
2215,4,4,2,2024-08-31,7,384,2688
2216,4,1,8,2024-01-07,9,232,2088
2217,3,3,8,2024-03-15,3,25,75
2218,4,1,3,2024-05-17,8,263,2104
2219,4,1,7,2024-04-27,4,322,1288
2220,2,6,9,2024-10-25,6,108,648
2221,3,2,10,2024-01-01,7,464,3248
2222,4,11,1,2024-05-20,3,263,789
2223,2,5,4,2024-02-09,6,96,576
2224,2,12,1,2024-03-26,7,278,1946
2225,1,7,5,2024-09-22,3,340,1020
2226,4,8,3,2024-07-08,6,67,402
2227,3,1,8,2024-10-06,1,392,392
2228,2,1,1,2024-08-31,3,111,333
2229,3,12,2,2024-02-26,8,135,1080
2230,4,6,6,2024-09-12,1,243,243
2231,4,11,6,2024-01-29,2,354,708
2232,3,4,10,2024-06-19,7,458,3206
2233,3,11,10,2024-09-15,2,410,820
2234,4,9,6,2024-08-16,5,474,2370
2235,1,1,4,2023-12-23,4,410,1640
2236,2,9,3,2024-10-14,8,287,2296
2237,2,4,2,2024-08-29,5,270,1350
2238,1,11,6,2024-05-14,10,454,4540
2239,1,2,3,2024-05-08,10,157,1570
2240,3,12,7,2024-05-04,3,287,861
2241,4,5,4,2024-03-13,1,203,203
2242,2,7,9,2024-08-31,5,463,2315
2243,3,5,9,2023-12-24,7,469,3283
2244,2,10,2,2024-02-20,3,290,870
2245,4,5,3,2024-11-05,5,473,2365
2246,3,5,7,2024-11-25,7,16,112
2247,2,10,5,2023-12-12,7,211,1477
2248,1,4,2,2024-05-24,8,448,3584
2249,4,12,6,2024-06-02,6,423,2538
2250,4,2,5,2024-08-07,9,203,1827
2251,4,1,10,2024-09-27,5,491,2455
2252,3,3,3,2024-11-26,3,144,432
2253,4,2,4,2024-09-14,1,142,142
2254,4,7,10,2023-12-14,4,385,1540
2255,3,4,5,2024-10-07,9,12,108
2256,1,4,7,2024-10-03,5,104,520
2257,4,1,10,2024-11-11,4,281,1124
2258,4,12,3,2024-01-14,5,24,120
2259,4,12,5,2024-05-22,5,343,1715
2260,2,11,9,2023-12-25,5,298,1490
2261,4,8,7,2023-12-21,2,447,894
2262,2,10,7,2024-08-26,10,409,4090
2263,4,9,10,2024-03-16,6,67,402
2264,1,10,5,2024-05-15,5,335,1675
2265,2,11,5,2024-03-02,10,111,1110
2266,4,9,3,2024-02-19,7,330,2310
2267,3,12,10,2024-10-30,9,16,144
2268,1,4,3,2024-10-01,5,47,235
2269,3,12,2,2024-09-05,4,356,1424
2270,4,11,5,2024-02-16,8,178,1424
2271,3,7,3,2024-06-06,9,467,4203
2272,1,9,1,2024-06-09,4,435,1740
2273,2,11,2,2024-02-12,5,497,2485
2274,1,3,5,2024-07-21,7,248,1736
2275,1,4,7,2024-11-27,9,29,261
2276,3,6,1,2024-09-22,3,65,195
2277,3,8,4,2024-04-22,1,154,154
2278,4,9,9,2024-02-05,7,128,896
2279,3,3,2,2024-05-13,4,59,236
2280,3,4,7,2024-01-14,7,460,3220
2281,3,6,1,2024-02-15,8,12,96
2282,4,5,3,2024-09-05,4,268,1072
2283,3,6,7,2024-04-29,7,237,1659
2284,4,9,10,2024-02-14,6,342,2052
2285,2,6,8,2023-12-13,3,116,348
2286,1,3,8,2024-06-23,3,263,789
2287,2,6,8,2024-03-23,9,165,1485
2288,3,8,4,2024-08-24,9,206,1854
2289,2,5,8,2024-05-14,9,417,3753
2290,2,4,2,2024-05-12,10,215,2150
2291,1,10,9,2024-07-15,7,376,2632
2292,2,9,5,2024-08-22,7,51,357
2293,1,10,6,2024-07-18,2,275,550
2294,4,11,3,2024-02-25,10,36,360
2295,4,12,3,2024-04-16,5,17,85
2296,2,10,2,2024-03-28,9,231,2079
2297,4,6,9,2024-11-18,2,277,554
2298,1,4,8,2024-02-04,4,39,156
2299,4,10,9,2024-04-05,8,291,2328
2300,2,3,1,2024-05-17,4,181,724
2301,2,6,5,2024-01-01,7,432,3024
2302,3,9,9,2024-09-20,10,228,2280
2303,4,5,7,2024-06-04,4,238,952
2304,3,3,8,2024-07-17,6,240,1440
2305,3,10,9,2024-05-14,10,478,4780
2306,4,4,7,2024-10-24,9,56,504
2307,1,12,2,2024-08-07,1,351,351
2308,2,5,6,2024-07-27,2,339,678
2309,3,2,1,2024-05-16,6,309,1854
2310,3,3,6,2024-10-03,1,257,257
2311,1,10,10,2024-07-08,3,493,1479
2312,2,2,3,2024-08-07,3,474,1422
2313,1,7,7,2024-02-17,4,421,1684
2314,3,10,9,2024-08-05,6,114,684
2315,3,8,4,2024-08-16,3,372,1116
2316,4,4,1,2024-07-26,1,459,459
2317,1,3,3,2024-01-20,7,85,595
2318,2,10,3,2024-03-04,3,164,492
2319,4,10,5,2024-02-12,5,107,535
2320,1,2,3,2023-12-16,5,233,1165
2321,2,9,4,2024-02-04,1,232,232
2322,2,6,2,2024-02-26,7,66,462
2323,2,4,5,2024-05-17,2,251,502
2324,2,1,10,2024-08-14,10,433,4330
2325,4,8,2,2024-12-05,4,165,660
2326,2,4,2,2024-09-04,8,429,3432
2327,2,10,5,2024-07-09,9,390,3510
2328,2,6,3,2024-09-17,9,77,693
2329,3,8,6,2024-03-23,3,18,54
2330,1,4,8,2023-12-24,5,335,1675
2331,4,10,9,2024-06-27,7,192,1344
2332,3,5,5,2024-01-05,9,114,1026
2333,2,2,3,2024-02-27,4,309,1236
2334,2,7,2,2024-10-22,2,492,984
2335,2,3,8,2024-01-18,7,337,2359
2336,1,11,10,2024-08-21,3,109,327
2337,3,2,6,2024-09-07,6,46,276
2338,4,6,6,2024-01-13,10,10,100
2339,3,1,5,2024-07-15,9,22,198
2340,2,10,1,2024-02-08,2,218,436
2341,4,8,6,2024-06-28,7,474,3318
2342,2,8,9,2024-01-12,2,120,240
2343,1,2,8,2024-06-03,9,140,1260
2344,2,10,10,2024-01-12,6,180,1080
2345,4,12,8,2024-02-23,3,460,1380
2346,1,1,10,2024-06-24,10,101,1010
2347,2,2,3,2024-06-09,4,21,84
2348,3,4,1,2024-02-02,7,25,175
2349,2,4,2,2024-06-05,4,333,1332
2350,3,12,7,2024-09-18,1,213,213
2351,2,4,5,2023-12-13,5,411,2055
2352,1,7,8,2024-05-12,8,364,2912
2353,1,8,8,2024-01-24,2,472,944
2354,3,6,7,2024-07-06,1,32,32
2355,4,7,5,2024-02-08,2,486,972
2356,3,1,3,2023-12-27,5,241,1205
2357,3,5,9,2024-08-15,2,368,736
2358,3,7,9,2024-03-01,3,289,867
2359,4,3,8,2024-03-22,3,497,1491
2360,4,5,9,2024-05-26,1,302,302
2361,2,8,1,2024-04-04,3,164,492
2362,1,7,7,2024-11-02,8,134,1072
2363,4,2,6,2024-01-22,4,71,284
2364,3,10,3,2024-07-25,5,156,780
2365,1,4,4,2024-08-16,3,153,459
2366,3,12,4,2024-01-09,10,87,870
2367,4,9,2,2024-04-10,4,214,856
2368,1,10,5,2024-04-09,5,158,790
2369,4,2,5,2024-10-24,5,344,1720
2370,2,8,7,2024-05-05,8,394,3152
2371,2,5,1,2024-02-15,8,109,872
2372,2,2,9,2024-08-13,5,165,825
2373,2,1,8,2024-05-19,5,98,490
2374,2,8,6,2024-06-28,10,72,720
2375,1,2,3,2024-07-12,6,134,804
2376,1,12,10,2024-07-19,10,84,840
2377,2,10,6,2024-03-29,4,469,1876
2378,2,2,4,2024-10-09,5,56,280
2379,3,2,7,2024-08-21,10,75,750
2380,4,1,9,2024-03-17,3,233,699
2381,1,8,2,2023-12-25,10,56,560
2382,4,2,5,2024-02-21,8,410,3280
2383,1,1,8,2024-08-28,4,368,1472
2384,3,1,5,2023-12-17,6,360,2160
2385,3,6,7,2024-07-24,6,294,1764
2386,1,9,1,2024-02-08,3,236,708
2387,2,6,4,2024-06-03,4,218,872
2388,3,2,2,2024-10-23,7,371,2597
2389,2,12,8,2024-02-07,7,282,1974
2390,4,11,5,2023-12-16,8,31,248
2391,1,9,10,2024-06-19,6,153,918
2392,3,11,8,2024-04-28,10,178,1780
2393,4,2,6,2024-04-09,7,358,2506
2394,2,1,5,2024-02-28,10,288,2880
2395,1,12,7,2024-09-05,9,138,1242
2396,2,10,8,2024-10-02,10,272,2720
2397,2,3,9,2024-05-12,3,383,1149
2398,2,2,5,2024-03-03,6,30,180
2399,4,7,3,2024-02-04,3,399,1197
2400,1,11,5,2024-02-21,6,492,2952
2401,4,1,4,2024-12-01,2,362,724
2402,4,2,8,2024-07-17,9,64,576
2403,2,3,10,2024-01-03,7,74,518
2404,4,4,6,2023-12-15,7,180,1260
2405,4,6,8,2024-07-25,7,173,1211
2406,4,2,10,2024-03-22,8,237,1896
2407,1,10,3,2024-06-06,6,179,1074
2408,3,11,9,2024-10-28,10,255,2550
2409,4,10,8,2024-09-08,5,38,190
2410,1,6,4,2024-03-01,4,287,1148
2411,4,2,5,2024-05-24,4,69,276
2412,4,5,2,2024-04-01,6,250,1500
2413,1,9,1,2023-12-17,9,292,2628
2414,4,11,3,2024-08-10,4,404,1616
2415,3,5,6,2024-05-19,1,462,462
2416,1,4,6,2024-03-22,6,234,1404
2417,2,10,5,2024-10-28,9,430,3870
2418,4,2,5,2024-11-22,6,235,1410
2419,4,5,4,2024-09-08,9,232,2088
2420,4,12,7,2024-07-07,1,192,192
2421,3,5,4,2024-02-05,7,480,3360
2422,1,5,6,2024-08-15,2,422,844
2423,3,8,9,2024-08-01,4,295,1180
2424,4,8,5,2024-04-30,4,456,1824
2425,4,2,10,2023-12-31,9,393,3537
2426,2,5,1,2024-05-26,2,441,882
2427,1,5,9,2024-10-06,9,241,2169
2428,4,8,7,2024-03-07,3,171,513
2429,1,3,1,2023-12-07,9,86,774
2430,2,4,1,2024-11-09,4,33,132
2431,4,5,5,2024-08-20,10,298,2980
2432,4,10,7,2024-07-11,3,480,1440
2433,2,11,10,2024-04-27,8,244,1952
2434,4,10,6,2023-12-26,7,464,3248
2435,1,6,7,2024-06-25,4,345,1380
2436,3,6,8,2024-02-03,8,151,1208
2437,2,7,9,2024-03-17,1,84,84
2438,2,6,9,2024-03-07,3,63,189
2439,4,6,7,2024-10-10,7,400,2800
2440,3,1,2,2024-05-16,9,157,1413
2441,1,4,8,2024-05-09,6,369,2214
2442,4,1,3,2024-09-16,9,327,2943
2443,3,4,9,2024-02-28,10,226,2260
2444,4,7,2,2024-11-05,5,210,1050
2445,3,8,7,2024-05-27,5,168,840
2446,1,9,7,2024-06-16,3,477,1431
2447,1,6,6,2024-01-07,8,107,856
2448,4,8,8,2024-01-15,5,365,1825
2449,4,10,9,2024-06-14,9,289,2601
2450,1,5,10,2023-12-07,4,108,432
2451,4,2,4,2024-02-19,5,436,2180
2452,4,12,1,2024-10-13,1,367,367
2453,4,3,9,2024-05-23,7,453,3171
2454,1,1,3,2024-06-18,10,35,350
2455,4,12,10,2024-08-01,7,388,2716
2456,2,2,3,2024-03-13,2,120,240
2457,2,9,8,2024-06-21,4,399,1596
2458,2,10,4,2024-06-17,2,379,758
2459,2,2,7,2024-09-18,5,95,475
2460,2,11,3,2024-09-06,5,77,385
2461,1,8,3,2024-08-22,7,454,3178
2462,3,5,7,2024-01-09,4,274,1096
2463,4,5,10,2024-09-14,2,252,504
2464,3,5,5,2024-08-30,3,10,30
2465,2,4,5,2024-02-24,2,242,484
2466,4,11,7,2024-01-08,5,435,2175
2467,4,5,5,2024-02-25,9,275,2475
2468,1,12,4,2024-07-23,5,69,345
2469,1,2,1,2024-04-11,7,494,3458
2470,2,8,6,2024-04-10,8,483,3864
2471,2,5,10,2024-06-22,5,178,890
2472,2,1,10,2024-06-05,6,467,2802
2473,3,5,7,2024-03-29,8,277,2216
2474,2,7,3,2024-09-25,6,39,234
2475,1,12,2,2024-10-12,4,307,1228
2476,2,1,7,2024-06-29,2,125,250
2477,2,9,6,2024-04-29,1,490,490
2478,4,6,1,2024-12-01,1,372,372
2479,4,12,9,2024-07-05,3,333,999
2480,2,7,6,2024-04-22,8,252,2016
2481,4,1,5,2024-11-18,5,60,300
2482,3,11,2,2024-02-28,8,329,2632
2483,2,11,1,2024-03-18,5,282,1410
2484,2,9,8,2024-02-07,4,473,1892
2485,1,1,1,2024-06-23,4,495,1980
2486,1,9,5,2024-08-21,9,328,2952
2487,2,2,7,2024-02-17,9,41,369
2488,2,2,3,2024-09-05,6,342,2052
2489,2,2,6,2024-02-08,10,362,3620
2490,3,4,10,2024-12-04,6,368,2208
2491,1,5,6,2024-02-03,6,176,1056
2492,2,11,6,2024-01-17,4,493,1972
2493,1,7,4,2024-07-05,10,424,4240
2494,4,7,5,2024-10-28,2,254,508
2495,4,8,3,2024-10-04,5,330,1650
2496,4,8,6,2024-02-03,2,478,956
2497,1,10,5,2024-07-10,1,379,379
2498,2,3,4,2024-03-15,10,299,2990
2499,1,5,4,2024-10-31,2,151,302
2500,4,9,1,2024-01-31,10,226,2260
2501,2,2,1,2024-02-27,1,414,414
2502,3,9,1,2024-07-22,6,442,2652
2503,4,11,8,2023-12-15,2,438,876
2504,2,10,8,2024-07-04,2,304,608
2505,3,11,5,2024-02-19,10,133,1330
2506,3,5,9,2024-08-24,7,159,1113
2507,3,2,10,2024-07-16,8,132,1056
2508,4,8,6,2024-08-26,2,239,478
2509,3,4,5,2024-08-18,1,159,159
2510,1,11,7,2024-06-12,3,454,1362
2511,2,2,6,2023-12-09,1,424,424
2512,4,5,2,2024-11-03,5,254,1270
2513,3,3,7,2024-06-07,3,117,351
2514,3,4,4,2024-02-09,10,334,3340
2515,2,2,5,2024-02-07,6,417,2502
2516,3,10,10,2024-02-16,1,444,444
2517,2,10,9,2024-03-30,3,481,1443
2518,2,10,2,2024-03-23,9,392,3528
2519,4,3,6,2024-05-29,5,118,590
2520,4,12,9,2024-10-09,5,213,1065
2521,3,4,4,2024-12-02,4,72,288
2522,1,8,3,2024-01-23,3,239,717
2523,4,3,1,2024-03-13,4,99,396
2524,2,2,3,2024-10-01,4,383,1532
2525,3,6,8,2024-06-15,1,366,366
2526,3,6,5,2024-06-02,7,24,168
2527,2,3,8,2024-05-12,8,337,2696
2528,3,2,7,2024-01-09,6,166,996
2529,1,12,3,2024-08-13,5,498,2490
2530,2,9,8,2024-09-06,9,282,2538
2531,2,8,3,2024-05-08,6,241,1446
2532,2,6,1,2024-03-18,6,38,228
2533,4,4,1,2024-04-25,3,393,1179
2534,3,3,10,2024-09-30,9,271,2439
2535,1,5,8,2024-02-01,7,219,1533
2536,3,6,10,2024-06-13,2,394,788
2537,3,7,1,2024-07-25,8,427,3416
2538,4,7,2,2024-08-10,5,154,770
2539,2,2,8,2024-09-29,7,287,2009
2540,2,11,9,2024-01-29,7,244,1708
2541,3,2,2,2024-07-15,1,291,291
2542,1,4,9,2024-05-18,6,183,1098
2543,4,6,5,2023-12-12,2,362,724
2544,1,7,5,2024-09-30,10,256,2560
2545,2,4,1,2024-10-04,4,409,1636
2546,4,12,9,2024-09-27,1,246,246
2547,4,3,8,2024-08-22,8,314,2512
2548,2,3,1,2024-09-24,6,234,1404
2549,1,1,1,2024-11-08,8,300,2400
2550,4,3,2,2024-08-14,5,94,470
2551,2,1,2,2023-12-23,6,182,1092
2552,3,10,5,2024-07-02,2,307,614
2553,2,5,4,2024-09-11,9,323,2907
2554,1,5,7,2024-10-30,4,218,872
2555,4,4,5,2024-06-12,10,190,1900
2556,3,6,6,2024-09-11,8,75,600
2557,1,4,3,2024-10-03,2,434,868
2558,1,10,9,2024-04-22,8,434,3472
2559,3,9,3,2024-08-19,10,256,2560
2560,3,2,2,2024-11-16,3,163,489
2561,1,10,4,2024-03-14,9,257,2313
2562,3,7,3,2024-06-23,10,140,1400
2563,4,8,1,2024-03-19,2,440,880
2564,1,6,3,2024-08-29,6,429,2574
2565,4,2,4,2024-01-26,1,373,373
2566,2,11,8,2024-04-19,7,119,833
2567,1,5,3,2024-10-25,2,141,282
2568,2,1,9,2024-11-10,1,336,336
2569,4,2,8,2024-10-12,3,225,675
2570,1,9,8,2024-04-06,9,53,477
2571,4,12,4,2024-01-29,4,277,1108
2572,1,12,5,2024-09-05,3,479,1437
2573,4,7,2,2024-04-28,8,156,1248
2574,4,4,6,2024-11-30,4,117,468
2575,1,7,7,2024-05-23,9,449,4041
2576,1,10,9,2024-10-23,5,386,1930
2577,3,5,6,2024-11-14,4,445,1780
2578,1,8,3,2024-08-04,4,266,1064
2579,4,10,5,2024-11-03,10,32,320
2580,1,8,9,2024-03-18,2,164,328
2581,1,3,2,2023-12-24,2,397,794
2582,3,10,10,2024-01-23,10,396,3960
2583,4,6,5,2024-08-09,10,403,4030
2584,3,6,7,2024-11-07,8,284,2272
2585,2,10,7,2024-08-09,8,222,1776
2586,2,6,6,2024-06-17,3,215,645
2587,2,11,7,2024-02-22,4,97,388
2588,3,6,2,2024-10-13,8,498,3984
2589,3,5,3,2024-10-17,6,38,228
2590,3,1,1,2024-10-14,2,318,636
2591,1,4,2,2024-07-06,9,114,1026
2592,4,8,2,2024-11-11,1,97,97
2593,1,8,3,2024-10-24,9,218,1962
2594,1,11,8,2024-06-28,4,185,740
2595,1,4,5,2024-10-11,2,100,200
2596,2,2,2,2024-11-06,5,304,1520
2597,3,1,5,2024-05-06,7,102,714
2598,4,10,9,2024-10-12,10,59,590
2599,3,1,7,2024-04-28,10,59,590
2600,1,9,10,2024-03-10,5,457,2285
2601,3,2,3,2024-06-30,6,412,2472
2602,3,4,1,2024-11-18,2,354,708
2603,3,5,2,2023-12-23,1,94,94
2604,1,8,3,2024-05-06,5,298,1490
2605,4,2,1,2024-06-03,7,245,1715
2606,4,3,6,2024-10-09,6,21,126
2607,1,8,9,2024-08-10,1,468,468
2608,1,4,1,2024-01-27,5,27,135
2609,1,7,8,2024-05-21,2,112,224
2610,3,8,8,2024-10-10,8,269,2152
2611,3,9,5,2024-07-04,1,303,303
2612,3,11,9,2024-09-15,7,247,1729
2613,2,9,10,2024-10-15,2,30,60
2614,2,7,8,2024-11-08,4,358,1432
2615,2,12,4,2024-09-05,2,188,376
2616,1,6,7,2024-08-14,6,448,2688
2617,2,11,3,2024-06-30,5,35,175
2618,3,1,8,2024-05-14,4,110,440
2619,4,8,1,2024-06-01,5,281,1405
2620,1,12,6,2024-01-14,6,207,1242
2621,2,3,6,2024-07-19,8,449,3592
2622,1,5,9,2024-01-17,9,215,1935
2623,4,3,2,2024-06-21,2,204,408
2624,4,2,1,2024-04-01,1,141,141
2625,2,1,9,2024-05-17,10,141,1410
2626,3,1,1,2024-01-15,7,311,2177
2627,2,6,4,2024-05-07,4,17,68
2628,3,5,8,2024-11-18,9,458,4122
2629,3,12,9,2023-12-08,8,92,736
2630,2,12,2,2024-02-08,7,387,2709
2631,3,1,3,2024-10-17,4,488,1952
2632,3,8,10,2024-08-14,10,41,410
2633,2,12,2,2024-02-08,7,185,1295
2634,3,12,6,2024-02-14,5,230,1150
2635,4,12,1,2024-04-04,6,403,2418
2636,3,11,8,2024-06-21,4,32,128
2637,3,9,4,2024-03-07,10,194,1940
2638,4,10,2,2024-01-28,5,127,635
2639,4,12,2,2024-02-28,5,195,975
2640,4,6,1,2024-10-06,2,395,790
2641,1,5,2,2024-05-22,7,194,1358
2642,2,5,1,2024-04-25,3,143,429
2643,1,3,3,2024-05-25,3,199,597
2644,3,7,3,2024-07-02,5,338,1690
2645,2,10,6,2024-01-24,3,154,462
2646,1,4,10,2024-06-23,10,66,660
2647,2,2,6,2024-08-04,5,394,1970
2648,3,7,8,2024-08-08,3,153,459
2649,3,8,8,2024-04-04,7,456,3192
2650,4,4,4,2024-09-15,5,266,1330
2651,3,12,7,2024-01-06,6,316,1896
2652,1,12,10,2024-10-16,9,242,2178
2653,3,10,3,2024-10-09,9,297,2673
2654,1,2,7,2024-05-24,4,491,1964
2655,2,5,5,2023-12-27,10,161,1610
2656,1,10,6,2024-04-28,3,262,786
2657,2,5,2,2024-09-04,8,189,1512
2658,4,9,6,2024-02-01,3,36,108
2659,3,10,10,2024-01-18,9,332,2988
2660,1,12,10,2023-12-31,2,40,80
2661,4,3,5,2024-04-20,4,218,872
2662,1,8,5,2024-06-22,3,20,60
2663,4,8,7,2024-05-04,8,164,1312
2664,1,9,3,2024-11-17,3,415,1245
2665,2,11,4,2024-12-04,10,34,340
2666,2,9,8,2024-09-26,1,13,13
2667,1,3,8,2024-04-03,5,459,2295
2668,3,7,9,2024-03-30,3,294,882
2669,4,9,1,2024-05-25,5,378,1890
2670,3,3,8,2024-05-13,7,366,2562
2671,4,6,6,2024-04-07,9,272,2448
2672,1,6,5,2024-06-09,9,280,2520
2673,4,5,10,2024-09-30,6,486,2916
2674,1,1,10,2024-10-17,9,396,3564
2675,2,1,9,2024-09-21,10,68,680
2676,1,4,9,2024-04-05,9,127,1143
2677,2,11,9,2024-05-05,7,42,294
2678,2,4,9,2024-09-05,3,136,408
2679,2,4,2,2024-10-16,5,87,435
2680,4,7,7,2023-12-30,4,436,1744
2681,2,8,6,2024-08-17,4,406,1624
2682,4,6,7,2023-12-19,9,58,522
2683,2,4,5,2024-02-22,8,276,2208
2684,4,2,8,2024-04-06,5,437,2185
2685,4,1,4,2024-09-26,8,79,632
2686,4,5,4,2024-04-01,6,107,642
2687,2,7,9,2024-08-14,10,427,4270
2688,1,11,10,2024-05-16,10,434,4340
2689,2,6,3,2023-12-17,5,456,2280
2690,2,12,4,2024-02-05,1,117,117
2691,3,4,6,2024-12-06,8,243,1944
2692,2,1,6,2024-11-13,1,259,259
2693,3,1,7,2024-01-15,3,406,1218
2694,1,10,4,2024-10-31,9,223,2007
2695,1,7,5,2023-12-30,9,382,3438
2696,4,2,4,2024-11-13,4,139,556
2697,4,7,7,2024-10-20,5,119,595
2698,4,7,8,2024-07-26,6,194,1164
2699,1,3,4,2024-08-28,4,325,1300
2700,3,1,1,2024-10-11,2,249,498
2701,2,12,2,2024-02-04,6,375,2250
2702,1,2,7,2024-10-15,1,321,321
2703,3,7,2,2024-02-08,10,207,2070
2704,3,1,4,2024-06-10,9,65,585
2705,4,11,7,2024-03-15,4,78,312
2706,3,12,1,2024-01-15,3,150,450
2707,2,5,8,2024-08-13,4,152,608
2708,2,10,10,2023-12-23,9,490,4410
2709,2,12,4,2024-06-03,8,340,2720
2710,1,3,4,2024-07-24,4,410,1640
2711,1,10,5,2024-04-16,8,130,1040
2712,1,3,10,2024-05-22,1,142,142
2713,4,11,8,2024-03-12,5,291,1455
2714,4,1,5,2024-09-21,6,288,1728
2715,3,8,6,2024-02-06,3,194,582
2716,3,4,1,2024-02-10,8,394,3152
2717,2,6,7,2024-06-22,9,306,2754
2718,3,8,3,2024-11-24,5,37,185
2719,3,8,5,2024-07-06,2,54,108
2720,2,3,1,2024-10-04,4,220,880
2721,3,7,9,2024-11-23,1,348,348
2722,1,2,9,2024-09-16,3,294,882
2723,3,10,1,2024-09-25,8,58,464
2724,2,2,2,2024-10-03,7,287,2009
2725,4,7,10,2024-01-14,6,487,2922
2726,3,3,7,2023-12-29,2,74,148
2727,2,2,10,2024-02-06,5,462,2310
2728,3,6,7,2024-08-13,9,239,2151
2729,1,9,5,2024-05-21,7,114,798
2730,2,12,7,2024-04-11,1,295,295
2731,4,1,2,2023-12-11,8,181,1448
2732,2,12,6,2024-12-06,10,424,4240
2733,2,7,2,2024-11-13,7,286,2002
2734,4,3,2,2024-02-11,9,464,4176
2735,1,1,1,2024-10-22,5,267,1335
2736,3,6,10,2024-01-08,5,416,2080
2737,2,8,2,2024-04-12,10,379,3790
2738,2,5,10,2024-03-26,5,21,105
2739,2,2,4,2023-12-11,7,260,1820
2740,2,1,5,2024-08-21,1,146,146
2741,3,2,8,2024-08-07,5,246,1230
2742,2,2,7,2024-10-17,5,255,1275
2743,3,7,2,2024-01-15,9,425,3825
2744,1,5,3,2024-03-19,2,154,308
2745,3,3,10,2024-04-09,3,227,681
2746,2,3,4,2024-11-16,9,247,2223
2747,4,12,8,2024-05-29,1,294,294
2748,4,3,2,2024-03-02,2,10,20
2749,1,5,1,2024-06-01,1,439,439
2750,3,12,5,2024-11-02,1,137,137
2751,2,10,7,2024-08-02,7,407,2849
2752,1,10,6,2024-09-10,8,431,3448
2753,4,10,6,2024-09-11,3,495,1485
2754,2,12,10,2024-10-14,7,344,2408
2755,4,5,7,2024-09-22,9,284,2556
2756,3,8,5,2024-01-04,7,64,448
2757,3,12,6,2024-08-19,9,342,3078
2758,2,8,4,2023-12-23,4,338,1352
2759,4,3,5,2024-04-14,2,384,768
2760,3,10,6,2024-01-27,10,21,210
2761,4,2,7,2024-08-26,1,197,197
2762,4,11,7,2024-06-20,4,133,532
2763,3,1,4,2024-05-23,6,471,2826
2764,1,6,2,2024-07-18,10,165,1650
2765,1,10,6,2024-03-24,8,235,1880
2766,2,8,3,2024-10-26,5,115,575
2767,4,9,10,2024-04-29,3,227,681
2768,1,11,7,2024-05-02,2,120,240
2769,4,1,4,2024-07-27,6,332,1992
2770,4,7,3,2024-10-02,4,477,1908
2771,2,7,6,2024-03-29,10,273,2730
2772,4,8,4,2024-03-28,6,320,1920
2773,4,7,10,2024-02-16,9,273,2457
2774,1,11,2,2024-12-05,1,368,368
2775,3,9,9,2024-07-21,2,425,850
2776,3,11,2,2024-07-16,9,54,486
2777,3,6,10,2024-10-17,1,351,351
2778,1,11,3,2024-03-05,5,65,325
2779,2,9,9,2024-10-05,10,435,4350
2780,1,8,9,2024-11-18,5,112,560
2781,4,10,9,2024-05-14,1,77,77
2782,2,7,9,2024-09-19,1,440,440
2783,4,3,10,2024-04-13,9,258,2322
2784,1,3,4,2024-11-23,4,215,860
2785,3,6,10,2024-01-19,9,147,1323
2786,3,11,4,2024-03-07,3,500,1500
2787,4,4,4,2024-07-07,10,40,400
2788,4,11,6,2023-12-24,8,253,2024
2789,2,1,1,2024-08-07,3,399,1197
2790,2,6,7,2024-06-10,1,156,156
2791,4,9,8,2024-01-12,5,90,450
2792,1,9,3,2024-11-10,2,225,450
2793,1,10,7,2024-07-22,10,451,4510
2794,2,1,1,2024-08-13,5,152,760
2795,1,11,5,2024-09-24,3,160,480
2796,2,10,7,2024-10-03,5,393,1965
2797,2,3,6,2024-01-05,9,491,4419
2798,4,3,10,2024-05-29,4,109,436
2799,4,10,8,2024-03-05,9,357,3213
2800,2,1,7,2024-11-12,6,454,2724
2801,2,7,4,2024-11-01,1,266,266
2802,4,10,3,2024-09-17,8,455,3640
2803,4,6,7,2024-02-22,9,58,522
2804,3,4,4,2024-09-26,6,113,678
2805,3,8,2,2024-01-04,3,81,243
2806,3,7,1,2024-11-29,8,447,3576
2807,4,12,4,2024-06-24,5,210,1050
2808,3,10,5,2024-10-15,6,154,924
2809,1,6,8,2024-07-01,10,107,1070
2810,2,2,1,2024-01-01,9,235,2115
2811,1,2,6,2024-08-03,3,346,1038
2812,4,2,1,2024-09-01,7,331,2317
2813,3,6,3,2024-08-16,8,195,1560
2814,4,1,9,2023-12-20,7,231,1617
2815,1,1,3,2024-11-28,7,327,2289
2816,3,6,3,2024-03-05,7,266,1862
2817,2,2,10,2023-12-10,6,293,1758
2818,1,2,5,2024-10-07,6,208,1248
2819,1,3,3,2024-01-21,8,466,3728
2820,4,8,10,2024-01-10,7,341,2387
2821,2,11,4,2024-04-27,8,44,352
2822,1,10,1,2024-06-21,4,364,1456
2823,3,3,2,2024-07-25,2,234,468
2824,2,12,5,2024-09-07,6,296,1776
2825,2,9,9,2024-06-22,5,342,1710
2826,4,7,2,2024-09-24,1,475,475
2827,1,2,4,2024-03-03,8,288,2304
2828,1,9,1,2024-04-14,1,212,212
2829,3,1,5,2024-10-24,2,466,932
2830,2,11,8,2024-01-21,6,130,780
2831,4,5,1,2024-08-24,10,170,1700
2832,3,12,7,2024-07-01,1,479,479
2833,1,10,4,2024-11-14,9,419,3771
2834,4,6,6,2024-07-31,6,107,642
2835,4,12,1,2024-09-07,3,480,1440
2836,4,6,4,2024-04-03,6,469,2814
2837,4,9,1,2024-01-28,7,127,889
2838,2,3,4,2024-12-04,9,173,1557
2839,2,12,1,2023-12-20,3,457,1371
2840,4,9,6,2024-10-28,1,370,370
2841,3,2,5,2024-10-08,9,328,2952
2842,1,11,2,2024-01-26,8,277,2216
2843,3,9,2,2024-09-02,10,303,3030
2844,1,11,5,2024-11-28,5,183,915
2845,2,4,7,2024-04-30,4,58,232
2846,2,11,10,2024-07-16,1,439,439
2847,4,5,6,2024-06-24,8,20,160
2848,3,6,9,2024-05-30,7,106,742
2849,4,2,7,2024-05-15,5,350,1750
2850,1,3,5,2024-04-10,2,359,718
2851,3,5,6,2024-08-12,8,445,3560
2852,1,2,5,2023-12-21,3,85,255
2853,1,1,3,2024-02-04,10,128,1280
2854,4,11,3,2023-12-26,7,102,714
2855,1,11,6,2024-03-15,3,151,453
2856,1,1,2,2024-08-19,10,426,4260
2857,1,10,3,2023-12-17,7,81,567
2858,1,3,3,2024-11-26,1,44,44
2859,1,10,4,2024-01-20,9,155,1395
2860,1,5,5,2024-07-09,4,453,1812
2861,2,5,1,2024-08-23,5,412,2060
2862,1,11,2,2024-06-15,4,239,956
2863,1,11,5,2024-01-25,6,298,1788
2864,3,5,3,2024-09-08,3,389,1167
2865,4,6,9,2024-11-27,3,350,1050
2866,2,4,7,2024-11-11,5,32,160
2867,1,4,1,2024-07-19,8,73,584
2868,2,3,1,2023-12-14,5,287,1435
2869,4,8,10,2024-08-26,6,210,1260
2870,3,1,1,2024-11-05,1,343,343
2871,2,2,9,2023-12-28,7,424,2968
2872,2,9,10,2024-10-30,4,278,1112
2873,4,5,9,2024-01-19,9,230,2070
2874,2,10,3,2024-07-07,8,358,2864
2875,2,6,1,2024-09-16,7,224,1568
2876,2,3,5,2024-12-03,6,192,1152
2877,4,10,6,2024-09-04,4,159,636
2878,3,6,1,2024-11-19,3,304,912
2879,2,1,3,2024-12-06,7,228,1596
2880,1,3,7,2024-02-20,8,202,1616
2881,1,5,9,2024-11-04,2,117,234
2882,2,11,8,2024-07-05,7,444,3108
2883,4,4,9,2023-12-08,4,29,116
2884,1,9,4,2024-02-13,5,117,585
2885,4,6,6,2024-05-13,2,186,372
2886,3,1,8,2024-01-17,8,283,2264
2887,3,6,4,2024-04-10,10,172,1720
2888,2,12,10,2023-12-10,8,289,2312
2889,4,3,10,2024-05-13,5,44,220
2890,1,4,1,2024-10-19,8,304,2432
2891,2,9,2,2024-04-14,2,87,174
2892,1,5,5,2024-03-18,3,173,519
2893,1,3,5,2024-01-18,9,333,2997
2894,2,10,5,2023-12-13,8,161,1288
2895,3,10,7,2024-02-01,4,247,988
2896,1,9,9,2024-08-06,3,435,1305
2897,3,7,8,2024-05-08,4,19,76
2898,1,3,5,2024-02-14,6,458,2748
2899,1,8,5,2024-10-06,7,447,3129
2900,4,2,5,2024-09-15,8,213,1704
2901,1,10,8,2024-07-28,9,195,1755
2902,1,5,1,2023-12-10,1,283,283
2903,4,6,8,2024-04-08,3,329,987
2904,4,1,6,2024-04-07,4,74,296
2905,2,5,5,2024-04-20,4,457,1828
2906,1,1,1,2024-10-29,2,342,684
2907,2,12,10,2024-06-21,1,219,219
2908,2,12,3,2024-01-08,3,119,357
2909,2,7,1,2024-08-08,1,432,432
2910,4,4,1,2024-03-04,9,264,2376
2911,3,7,7,2024-02-08,9,488,4392
2912,1,12,10,2024-09-05,1,448,448
2913,3,4,10,2024-07-29,2,346,692
2914,2,9,6,2024-06-01,1,197,197
2915,2,3,8,2024-07-14,3,407,1221
2916,2,12,9,2024-11-03,1,230,230
2917,3,3,5,2023-12-26,5,379,1895
2918,2,3,1,2024-02-07,7,130,910
2919,4,1,7,2024-10-25,2,293,586
2920,1,6,5,2024-10-20,4,409,1636
2921,3,1,9,2024-07-31,9,133,1197
2922,3,1,7,2024-06-11,9,351,3159
2923,1,3,9,2024-08-06,5,390,1950
2924,1,7,7,2024-11-25,5,128,640
2925,3,7,4,2024-10-22,8,76,608
2926,3,7,9,2023-12-07,2,214,428
2927,3,6,7,2024-06-09,4,310,1240
2928,1,12,4,2024-02-11,8,15,120
2929,1,2,7,2024-05-29,7,300,2100
2930,3,10,10,2024-02-04,1,41,41
2931,1,9,1,2023-12-16,5,284,1420
2932,3,6,10,2024-06-15,3,58,174
2933,2,11,7,2024-11-07,6,251,1506
2934,3,5,4,2024-07-09,10,21,210
2935,1,11,2,2024-04-06,2,134,268
2936,3,3,6,2024-05-31,8,321,2568
2937,3,1,2,2024-03-01,4,398,1592
2938,1,10,7,2024-09-04,1,465,465
2939,1,3,5,2024-03-29,4,88,352
2940,4,2,7,2023-12-08,6,419,2514
2941,4,8,5,2024-06-05,9,145,1305
2942,3,11,8,2024-02-16,9,497,4473
2943,4,8,2,2024-04-14,9,227,2043
2944,4,5,6,2024-06-04,3,254,762
2945,1,5,8,2024-03-18,7,391,2737
2946,4,5,10,2024-10-12,6,451,2706
2947,1,12,2,2024-06-14,4,111,444
2948,4,6,6,2024-02-02,6,161,966
2949,1,9,10,2024-04-26,8,114,912
2950,1,7,10,2023-12-30,1,294,294
2951,1,6,6,2024-07-13,8,51,408
2952,1,5,1,2024-05-30,6,70,420
2953,2,1,9,2024-02-05,4,15,60
2954,1,6,10,2024-05-23,7,47,329
2955,3,9,3,2024-11-18,3,215,645
2956,2,3,2,2024-10-31,10,420,4200
2957,4,6,7,2023-12-07,3,214,642
2958,3,9,5,2023-12-07,9,385,3465
2959,3,10,1,2024-07-29,2,103,206
2960,1,9,3,2024-06-28,9,52,468
2961,4,1,10,2024-02-16,7,421,2947
2962,3,8,6,2024-09-19,1,113,113
2963,4,3,2,2024-03-29,2,216,432
2964,3,11,5,2024-05-28,5,316,1580
2965,4,4,3,2024-03-17,5,286,1430
2966,3,3,6,2023-12-23,7,252,1764
2967,2,4,1,2024-08-05,8,418,3344
2968,1,12,6,2024-03-25,2,457,914
2969,2,12,9,2024-02-11,6,60,360
2970,4,9,1,2024-04-08,10,350,3500
2971,3,3,9,2024-05-06,4,244,976
2972,3,12,1,2024-11-09,4,266,1064
2973,1,10,6,2024-05-30,9,78,702
2974,4,1,4,2024-02-01,10,381,3810
2975,1,6,7,2024-11-26,6,196,1176
2976,1,12,3,2024-06-24,9,400,3600
2977,3,8,1,2024-05-13,4,238,952
2978,3,5,6,2024-09-07,2,469,938
2979,1,1,3,2024-04-02,3,48,144
2980,2,7,1,2024-05-19,4,167,668
2981,1,6,9,2024-07-08,6,266,1596
2982,1,11,10,2024-05-19,5,490,2450
2983,3,9,6,2024-08-20,6,489,2934
2984,2,6,3,2024-11-03,10,57,570
2985,3,11,3,2024-04-25,7,450,3150
2986,3,3,3,2024-08-26,10,228,2280
2987,3,3,9,2024-06-02,7,283,1981
2988,1,11,6,2024-11-03,5,284,1420
2989,4,11,4,2024-03-31,8,149,1192
2990,4,8,8,2024-03-27,3,220,660
2991,4,12,4,2024-08-17,4,464,1856
2992,4,6,3,2024-09-04,5,151,755
2993,4,4,8,2024-04-20,5,266,1330
2994,1,5,5,2024-03-15,3,26,78
2995,1,10,3,2024-04-19,8,260,2080
2996,4,5,6,2024-04-02,6,381,2286
2997,1,7,1,2024-07-21,7,147,1029
2998,3,12,6,2024-02-06,10,42,420
2999,2,4,1,2024-06-07,5,146,730
3000,3,10,4,2024-05-23,5,83,415
